mass,total_width,bb,tautau,mumu,cc,ss,tt,gg,gammagamma,Zgamma,WW,ZZ,4l_l_any,4l_l_e_mu,4e,2e2mu,2l2nu_l_any_nu_any,2l2nu_l_e_mu_nu_any,enue_enue,enue_munumu,2l2q_l_any_q_any,2l2q_l_e_mu_q_any,lnuqq_l_any_q_any,lnuqq_l_e_mu_q_any,2nu2q_nu_any_q_any,4f_f_any
80.0,0.00199,8.24E-01,8.27E-02,0.000287,0.0418,0.000353,0,0.0494,0.000918,0,0.000627,0.000164,0.00000198,0.000000944,0.000000286,0.000000373,0.0000628,0.0000272,0.00000471,0.00000735,0.0000235,0.0000157,0.000092,0.0000471,0.000323,0.000743
81.0,0.00201,8.23E-01,8.27E-02,0.000288,0.0417,0.000352,0,0.0505,0.000946,0,0.000696,0.000181,0.00000217,0.00000104,0.000000313,0.00000041,0.0000698,0.0000302,0.00000525,0.00000817,0.0000258,0.0000172,0.000102,0.0000517,0.000359,0.000824
82.0,0.00204,8.21E-01,8.28E-02,0.000288,0.0416,0.000352,0,0.0517,0.000974,0,0.000774,0.000199,0.00000238,0.00000114,0.000000343,0.00000045,0.0000776,0.0000336,0.00000587,0.00000907,0.0000283,0.0000189,0.000113,0.0000567,0.000399,0.000915
83.0,0.00206,8.20E-01,8.29E-02,0.000288,0.0416,0.000351,0,0.0528,0.001,0,0.000861,0.000218,0.00000261,0.00000124,0.000000375,0.000000493,0.0000864,0.0000374,0.00000658,0.0000101,0.000031,0.0000207,0.000126,0.0000622,0.000444,0.00102
84.0,0.00208,8.19E-01,8.30E-02,0.000288,0.0415,0.000351,0,0.054,0.00103,0,0.000961,0.00024,0.00000285,0.00000136,0.00000041,0.00000054,0.0000964,0.0000417,0.0000074,0.0000113,0.000034,0.0000227,0.000141,0.0000682,0.000496,0.00113
85.0,0.00211,8.17E-01,8.30E-02,0.000289,0.0414,0.00035,0,0.0551,0.00106,0,0.00108,0.000263,0.00000312,0.00000149,0.000000449,0.000000592,0.000108,0.0000468,0.00000836,0.0000126,0.0000373,0.0000249,0.000158,0.0000747,0.000554,0.00126
86.0,0.00213,8.16E-01,8.31E-02,0.000289,0.0413,0.000349,0,0.0563,0.00109,0,0.00121,0.000288,0.00000342,0.00000163,0.000000491,0.000000649,0.000122,0.0000527,0.00000951,0.0000142,0.0000408,0.0000272,0.000177,0.0000819,0.000622,0.00142
87.0,0.00215,8.15E-01,8.31E-02,0.000289,0.0413,0.000349,0,0.0575,0.00112,0,0.00137,0.000316,0.00000374,0.00000178,0.000000537,0.000000709,0.000138,0.0000597,0.0000109,0.000016,0.0000447,0.0000298,0.0002,0.0000897,0.000703,0.0016
88.0,0.00218,8.13E-01,8.32E-02,0.000289,0.0412,0.000348,0,0.0587,0.00115,0,0.00156,0.000347,0.00000409,0.00000195,0.000000587,0.000000776,0.000157,0.0000682,0.0000127,0.0000183,0.0000489,0.0000326,0.000228,0.0000982,0.000798,0.00181
89.0,0.0022,8.12E-01,8.32E-02,0.000289,0.0411,0.000347,0,0.0599,0.00119,0,0.00179,0.00038,0.00000448,0.00000213,0.000000642,0.000000852,0.000181,0.0000786,0.0000148,0.000021,0.0000537,0.0000358,0.000262,0.000108,0.000913,0.00207
90.0,0.00222,8.10E-01,8.33E-02,0.000289,0.041,0.000347,0,0.0612,0.00122,0,0.00207,0.000417,0.00000489,0.00000233,0.000000701,0.00000093,0.00021,0.0000912,0.0000175,0.0000243,0.0000587,0.0000391,0.000303,0.000118,0.00105,0.00237
91.0,0.00225,8.09E-01,8.33E-02,0.000289,0.0409,0.000346,0,0.0624,0.00125,0,0.00241,0.000457,0.00000536,0.00000255,0.000000767,0.00000102,0.000245,0.000107,0.0000209,0.0000283,0.0000643,0.0000429,0.000353,0.000129,0.00122,0.00275
92.0,0.00227,8.07E-01,8.33E-02,0.000289,0.0408,0.000345,0,0.0636,0.00129,5.09E-08,0.00283,0.000502,0.00000586,0.00000279,0.000000838,0.00000112,0.000288,0.000125,0.000025,0.0000332,0.0000704,0.0000469,0.000414,0.000141,0.00142,0.0032
93.0,0.0023,8.05E-01,8.33E-02,0.000289,0.0407,0.000344,0,0.0649,0.00132,0.000000517,0.00333,0.00055,0.00000642,0.00000306,0.000000916,0.00000122,0.00034,0.000149,0.0000302,0.0000391,0.0000772,0.0000515,0.000488,0.000155,0.00167,0.00374
94.0,0.00232,8.03E-01,8.33E-02,0.000289,0.0406,0.000344,0,0.0661,0.00136,0.00000185,0.00394,0.000605,0.00000704,0.00000335,0.000001,0.00000134,0.000403,0.000176,0.0000365,0.0000462,0.0000847,0.0000565,0.000577,0.00017,0.00196,0.00439
95.0,0.00235,8.01E-01,8.32E-02,0.000289,0.0405,0.000343,0,0.0674,0.00139,0.00000448,0.00468,0.000665,0.00000773,0.00000367,0.0000011,0.00000148,0.00048,0.00021,0.0000442,0.0000549,0.0000931,0.0000621,0.000685,0.000187,0.00232,0.00517
96.0,0.00237,7.99E-01,8.32E-02,0.000289,0.0404,0.000342,0,0.0687,0.00143,0.00000878,0.00555,0.000733,0.00000849,0.00000403,0.0000012,0.00000163,0.000572,0.000251,0.0000535,0.0000652,0.000103,0.0000684,0.000814,0.000206,0.00274,0.00611
97.0,0.0024,7.97E-01,8.31E-02,0.000289,0.0403,0.000341,0,0.0699,0.00146,0.0000151,0.0066,0.000811,0.00000936,0.00000444,0.00000132,0.0000018,0.000681,0.000299,0.0000647,0.0000775,0.000113,0.0000755,0.000966,0.000227,0.00324,0.00721
98.0,0.00243,7.95E-01,8.31E-02,0.000288,0.0402,0.00034,0,0.0712,0.0015,0.0000238,0.00783,0.0009,0.0000104,0.00000491,0.00000146,0.000002,0.000811,0.000356,0.0000781,0.000092,0.000126,0.0000837,0.00115,0.000252,0.00383,0.00852
99.0,0.00246,7.92E-01,8.29E-02,0.000288,0.04,0.000339,0,0.0724,0.00154,0.0000351,0.00928,0.001,0.0000115,0.00000544,0.00000161,0.00000222,0.000963,0.000424,0.000094,0.000109,0.00014,0.0000933,0.00136,0.000281,0.00453,0.0101
100.0,0.00248,7.89E-01,8.28E-02,0.000288,0.0399,0.000337,0,0.0737,0.00158,0.0000493,0.011,0.00112,0.0000128,0.00000606,0.00000178,0.00000249,0.00114,0.000503,0.000113,0.000129,0.000157,0.000104,0.00161,0.000314,0.00534,0.0118
101.0,0.00251,7.86E-01,8.27E-02,0.000287,0.0397,0.000336,0,0.0749,0.00161,0.0000667,0.0129,0.00126,0.0000144,0.00000678,0.00000199,0.0000028,0.00135,0.000595,0.000134,0.000152,0.000176,0.000117,0.00189,0.000353,0.00628,0.0139
102.0,0.00254,7.83E-01,8.25E-02,0.000286,0.0396,0.000335,0,0.0761,0.00165,0.0000874,0.0152,0.00143,0.0000162,0.00000762,0.00000222,0.00000317,0.00159,0.000701,0.000159,0.000178,0.000199,0.000133,0.00222,0.0004,0.00737,0.0163
103.0,0.00258,7.79E-01,8.22E-02,0.000286,0.0394,0.000333,0,0.0773,0.00169,0.000112,0.0178,0.00163,0.0000183,0.00000861,0.0000025,0.00000361,0.00186,0.000823,0.000188,0.000209,0.000227,0.000151,0.0026,0.000454,0.00862,0.0191
104.0,0.00261,7.75E-01,8.20E-02,0.000285,0.0392,0.000331,0,0.0784,0.00173,0.00014,0.0207,0.00186,0.0000208,0.00000975,0.00000281,0.00000413,0.00217,0.000963,0.000222,0.000243,0.000259,0.000173,0.00303,0.000519,0.0101,0.0222
105.0,0.00264,7.71E-01,8.17E-02,0.000284,0.039,0.00033,0,0.0795,0.00177,0.000171,0.0241,0.00213,0.0000237,0.0000111,0.00000318,0.00000474,0.00253,0.00112,0.000259,0.000283,0.000297,0.000198,0.00352,0.000595,0.0117,0.0258
106.0,0.00268,7.66E-01,8.13E-02,0.000282,0.0387,0.000328,0,0.0806,0.0018,0.000207,0.0278,0.00245,0.0000272,0.0000127,0.0000036,0.00000545,0.00293,0.0013,0.000302,0.000327,0.000341,0.000228,0.00407,0.000684,0.0135,0.0299
107.0,0.00272,7.61E-01,8.10E-02,0.000281,0.0385,0.000325,0,0.0816,0.00184,0.000247,0.032,0.00283,0.0000311,0.0000145,0.0000041,0.00000628,0.00339,0.0015,0.000351,0.000376,0.000394,0.000262,0.00469,0.000788,0.0156,0.0344
108.0,0.00276,7.56E-01,8.05E-02,0.00028,0.0382,0.000323,0,0.0826,0.00188,0.000291,0.0367,0.00326,0.0000358,0.0000166,0.00000466,0.00000726,0.00389,0.00173,0.000405,0.000431,0.000454,0.000303,0.00538,0.000909,0.0179,0.0395
109.0,0.0028,7.50E-01,8.00E-02,0.000278,0.0379,0.00032,0,0.0836,0.00192,0.000339,0.0419,0.00376,0.0000411,0.000019,0.00000531,0.00000839,0.00445,0.00198,0.000465,0.000493,0.000525,0.00035,0.00614,0.00105,0.0205,0.0452
110.0,0.00285,7.44E-01,7.95E-02,0.000276,0.0376,0.000318,0,0.0844,0.00195,0.000391,0.0477,0.00434,0.0000472,0.0000218,0.00000604,0.00000969,0.00508,0.00226,0.000532,0.000561,0.000606,0.000404,0.00699,0.00121,0.0234,0.0515
110.5,0.00287,7.40E-01,7.92E-02,0.000275,0.0374,0.000316,0,0.0848,0.00197,0.000419,0.0508,0.00466,0.0000506,0.0000233,0.00000645,0.0000104,0.00541,0.00241,0.000568,0.000597,0.00065,0.000434,0.00744,0.0013,0.025,0.0549
111.0,0.00289,7.37E-01,7.89E-02,0.000274,0.0372,0.000315,0,0.0852,0.00199,0.000447,0.0541,0.00501,0.0000542,0.0000249,0.00000688,0.0000112,0.00576,0.00257,0.000606,0.000635,0.000698,0.000466,0.00792,0.0014,0.0266,0.0585
111.5,0.00292,7.33E-01,7.85E-02,0.000273,0.037,0.000313,0,0.0856,0.002,0.000477,0.0575,0.00537,0.000058,0.0000267,0.00000734,0.000012,0.00613,0.00274,0.000645,0.000675,0.00075,0.0005,0.00842,0.0015,0.0283,0.0623
112.0,0.00295,7.29E-01,7.82E-02,0.000271,0.0368,0.000311,0,0.086,0.00202,0.000507,0.061,0.00576,0.0000621,0.0000285,0.00000782,0.0000129,0.00652,0.00291,0.000687,0.000717,0.000804,0.000536,0.00894,0.00161,0.0301,0.0662
112.5,0.00297,7.25E-01,7.78E-02,0.00027,0.0366,0.00031,0,0.0863,0.00204,0.000539,0.0648,0.00618,0.0000664,0.0000305,0.00000834,0.0000138,0.00692,0.00309,0.000731,0.000761,0.000862,0.000575,0.00948,0.00172,0.032,0.0703
113.0,0.003,7.21E-01,7.75E-02,0.000269,0.0364,0.000308,0,0.0866,0.00205,0.000571,0.0686,0.00662,0.000071,0.0000326,0.00000888,0.0000148,0.00735,0.00328,0.000776,0.000807,0.000923,0.000616,0.0101,0.00185,0.034,0.0746
113.5,0.00303,7.17E-01,7.71E-02,0.000268,0.0362,0.000306,0,0.0869,0.00207,0.000604,0.0727,0.00708,0.0000759,0.0000347,0.00000946,0.0000158,0.00779,0.00348,0.000823,0.000854,0.000989,0.000659,0.0106,0.00198,0.036,0.0791
114.0,0.00306,7.12E-01,7.67E-02,0.000266,0.036,0.000304,0,0.0872,0.00208,0.000639,0.0769,0.00757,0.000081,0.0000371,0.0000101,0.0000169,0.00825,0.00369,0.000873,0.000904,0.00106,0.000705,0.0113,0.00211,0.0381,0.0838
114.5,0.00309,7.08E-01,7.63E-02,0.000265,0.0357,0.000302,0,0.0874,0.0021,0.000674,0.0813,0.00809,0.0000864,0.0000395,0.0000107,0.0000181,0.00873,0.00391,0.000925,0.000956,0.00113,0.000754,0.0119,0.00226,0.0404,0.0887
115.0,0.00312,7.03E-01,7.58E-02,0.000263,0.0355,0.0003,0,0.0876,0.00211,0.00071,0.0859,0.00864,0.0000922,0.0000421,0.0000114,0.0000193,0.00923,0.00413,0.000979,0.00101,0.00121,0.000805,0.0126,0.00241,0.0427,0.0938
115.5,0.00315,6.98E-01,7.53E-02,0.000262,0.0353,0.000298,0,0.0878,0.00213,0.000746,0.0906,0.00922,0.0000982,0.0000448,0.0000121,0.0000206,0.00974,0.00436,0.00103,0.00106,0.00129,0.000859,0.0133,0.00258,0.0451,0.099
116.0,0.00319,6.93E-01,7.49E-02,0.00026,0.035,0.000296,0,0.088,0.00214,0.000784,0.0955,0.00983,0.000105,0.0000477,0.0000128,0.000022,0.0103,0.00461,0.00109,0.00112,0.00137,0.000916,0.014,0.00275,0.0476,0.105
116.5,0.00322,6.88E-01,7.44E-02,0.000258,0.0347,0.000294,0,0.0881,0.00215,0.000822,0.101,0.0105,0.000111,0.0000507,0.0000136,0.0000235,0.0108,0.00486,0.00115,0.00118,0.00146,0.000976,0.0147,0.00293,0.0503,0.11
117.0,0.00326,6.83E-01,7.39E-02,0.000256,0.0345,0.000292,0,0.0882,0.00217,0.000861,0.106,0.0111,0.000118,0.0000538,0.0000144,0.000025,0.0114,0.00512,0.00122,0.00124,0.00156,0.00104,0.0155,0.00311,0.053,0.116
117.5,0.0033,6.77E-01,7.33E-02,0.000254,0.0342,0.000289,0,0.0883,0.00218,0.0009,0.111,0.0119,0.000126,0.0000571,0.0000153,0.0000265,0.012,0.00539,0.00128,0.00131,0.00166,0.0011,0.0163,0.00331,0.0558,0.122
118.0,0.00333,6.72E-01,7.28E-02,0.000253,0.0339,0.000287,0,0.0883,0.00219,0.000941,0.117,0.0126,0.000133,0.0000606,0.0000162,0.0000282,0.0126,0.00567,0.00135,0.00138,0.00176,0.00117,0.0171,0.00352,0.0587,0.129
118.5,0.00338,6.66E-01,7.22E-02,0.000251,0.0336,0.000284,0,0.0884,0.0022,0.000981,0.123,0.0134,0.000141,0.0000642,0.0000171,0.0000299,0.0133,0.00596,0.00142,0.00144,0.00187,0.00125,0.018,0.00373,0.0617,0.135
119.0,0.00342,6.60E-01,7.16E-02,0.000249,0.0333,0.000282,0,0.0884,0.00221,0.00102,0.129,0.0142,0.00015,0.0000679,0.0000181,0.0000318,0.0139,0.00626,0.00149,0.00151,0.00198,0.00132,0.0189,0.00396,0.0648,0.142
119.5,0.00346,6.54E-01,7.10E-02,0.000247,0.033,0.000279,0,0.0883,0.00222,0.00106,0.135,0.015,0.000158,0.0000718,0.0000191,0.0000337,0.0146,0.00657,0.00156,0.00159,0.0021,0.0014,0.0198,0.00419,0.068,0.149
120.0,0.00351,6.48E-01,7.04E-02,0.000244,0.0327,0.000276,0,0.0882,0.00223,0.00111,0.141,0.0159,0.000167,0.0000759,0.0000201,0.0000356,0.0153,0.00689,0.00164,0.00166,0.00222,0.00148,0.0207,0.00444,0.0713,0.156
120.1,0.00352,6.46E-01,7.03E-02,0.000244,0.0326,0.000276,0,0.0882,0.00223,0.00112,0.143,0.0161,0.000169,0.0000767,0.0000204,0.000036,0.0155,0.00695,0.00165,0.00168,0.00225,0.0015,0.0209,0.00449,0.0719,0.158
120.2,0.00352,6.45E-01,7.01E-02,0.000243,0.0326,0.000275,0,0.0882,0.00223,0.00112,0.144,0.0162,0.000171,0.0000776,0.0000206,0.0000364,0.0156,0.00702,0.00167,0.00169,0.00227,0.00151,0.0211,0.00454,0.0726,0.159
120.3,0.00353,6.44E-01,7.00E-02,0.000243,0.0325,0.000275,0,0.0882,0.00223,0.00113,0.145,0.0164,0.000173,0.0000784,0.0000208,0.0000368,0.0157,0.00708,0.00169,0.00171,0.0023,0.00153,0.0213,0.00459,0.0733,0.161
120.4,0.00354,6.42E-01,6.99E-02,0.000243,0.0324,0.000274,0,0.0882,0.00224,0.00114,0.147,0.0166,0.000175,0.0000793,0.000021,0.0000372,0.0159,0.00715,0.0017,0.00172,0.00232,0.00155,0.0215,0.00464,0.074,0.162
120.5,0.00355,6.41E-01,6.98E-02,0.000242,0.0324,0.000274,0,0.0881,0.00224,0.00115,0.148,0.0168,0.000177,0.0000801,0.0000212,0.0000376,0.016,0.00721,0.00172,0.00174,0.00235,0.00157,0.0216,0.00469,0.0747,0.164
120.6,0.00356,6.40E-01,6.96E-02,0.000242,0.0323,0.000273,0,0.0881,0.00224,0.00116,0.149,0.017,0.000179,0.000081,0.0000215,0.0000381,0.0162,0.00728,0.00173,0.00175,0.00238,0.00158,0.0218,0.00474,0.0754,0.165
120.7,0.00357,6.39E-01,6.95E-02,0.000241,0.0322,0.000273,0,0.0881,0.00224,0.00117,0.151,0.0172,0.00018,0.0000818,0.0000217,0.0000385,0.0163,0.00735,0.00175,0.00177,0.0024,0.0016,0.022,0.00479,0.0761,0.167
120.8,0.00358,6.37E-01,6.94E-02,0.000241,0.0322,0.000272,0,0.0881,0.00224,0.00118,0.152,0.0173,0.000182,0.0000827,0.0000219,0.0000389,0.0165,0.00741,0.00176,0.00179,0.00243,0.00162,0.0222,0.00484,0.0768,0.168
120.9,0.00359,6.36E-01,6.92E-02,0.00024,0.0321,0.000271,0,0.088,0.00224,0.00118,0.153,0.0175,0.000184,0.0000836,0.0000221,0.0000393,0.0166,0.00748,0.00178,0.0018,0.00245,0.00164,0.0224,0.0049,0.0775,0.17
121.0,0.0036,6.35E-01,6.91E-02,0.00024,0.032,0.000271,0,0.088,0.00225,0.00119,0.155,0.0177,0.000186,0.0000845,0.0000224,0.0000398,0.0168,0.00755,0.0018,0.00182,0.00248,0.00165,0.0226,0.00495,0.0782,0.171
121.1,0.00361,6.33E-01,6.90E-02,0.000239,0.032,0.00027,0,0.088,0.00225,0.0012,0.156,0.0179,0.000188,0.0000853,0.0000226,0.0000402,0.0169,0.00762,0.00181,0.00183,0.00251,0.00167,0.0228,0.005,0.0789,0.173
121.2,0.00362,6.32E-01,6.88E-02,0.000239,0.0319,0.00027,0,0.0879,0.00225,0.00121,0.157,0.0181,0.00019,0.0000863,0.0000228,0.0000406,0.0171,0.00769,0.00183,0.00185,0.00253,0.00169,0.023,0.00506,0.0796,0.174
121.3,0.00363,6.31E-01,6.87E-02,0.000238,0.0318,0.000269,0,0.0879,0.00225,0.00122,0.159,0.0183,0.000192,0.0000872,0.000023,0.0000411,0.0172,0.00776,0.00185,0.00187,0.00256,0.00171,0.0232,0.00511,0.0803,0.176
121.4,0.00364,6.29E-01,6.86E-02,0.000238,0.0318,0.000269,0,0.0879,0.00225,0.00123,0.16,0.0185,0.000194,0.0000881,0.0000233,0.0000415,0.0174,0.00783,0.00186,0.00188,0.00259,0.00173,0.0234,0.00517,0.081,0.177
121.5,0.00365,6.28E-01,6.84E-02,0.000237,0.0317,0.000268,0,0.0878,0.00225,0.00124,0.161,0.0187,0.000196,0.000089,0.0000235,0.0000419,0.0175,0.0079,0.00188,0.0019,0.00262,0.00174,0.0236,0.00522,0.0818,0.179
121.6,0.00366,6.27E-01,6.83E-02,0.000237,0.0316,0.000268,0,0.0878,0.00225,0.00124,0.163,0.0189,0.000198,0.0000899,0.0000238,0.0000424,0.0177,0.00797,0.0019,0.00192,0.00264,0.00176,0.0239,0.00528,0.0825,0.181
121.7,0.00367,6.25E-01,6.81E-02,0.000236,0.0316,0.000267,0,0.0878,0.00225,0.00125,0.164,0.0191,0.000201,0.0000908,0.000024,0.0000428,0.0179,0.00804,0.00191,0.00193,0.00267,0.00178,0.0241,0.00534,0.0832,0.182
121.8,0.00368,6.24E-01,6.80E-02,0.000236,0.0315,0.000266,0,0.0877,0.00226,0.00126,0.166,0.0193,0.000203,0.0000918,0.0000242,0.0000433,0.018,0.00811,0.00193,0.00195,0.0027,0.0018,0.0243,0.00539,0.084,0.184
121.9,0.00369,6.22E-01,6.79E-02,0.000235,0.0314,0.000266,0,0.0877,0.00226,0.00127,0.167,0.0195,0.000205,0.0000927,0.0000245,0.0000437,0.0182,0.00818,0.00195,0.00197,0.00273,0.00182,0.0245,0.00545,0.0847,0.186
122.0,0.00371,6.21E-01,6.77E-02,0.000235,0.0313,0.000265,0,0.0876,0.00226,0.00128,0.169,0.0197,0.000207,0.0000936,0.0000247,0.0000442,0.0183,0.00825,0.00197,0.00198,0.00276,0.00184,0.0247,0.0055,0.0855,0.187
122.1,0.00372,6.20E-01,6.76E-02,0.000234,0.0313,0.000265,0,0.0876,0.00226,0.00129,0.17,0.0199,0.000209,0.0000946,0.000025,0.0000447,0.0185,0.00832,0.00198,0.002,0.00279,0.00186,0.0249,0.00556,0.0862,0.189
122.2,0.00373,6.18E-01,6.74E-02,0.000234,0.0312,0.000264,0,0.0875,0.00226,0.0013,0.171,0.0201,0.000211,0.0000955,0.0000252,0.0000451,0.0186,0.00839,0.002,0.00202,0.00282,0.00188,0.0251,0.00562,0.087,0.19
122.3,0.00374,6.17E-01,6.73E-02,0.000233,0.0311,0.000263,0,0.0875,0.00226,0.0013,0.173,0.0203,0.000213,0.0000965,0.0000255,0.0000456,0.0188,0.00847,0.00202,0.00203,0.00284,0.0019,0.0253,0.00568,0.0877,0.192
122.4,0.00375,6.15E-01,6.72E-02,0.000233,0.0311,0.000263,0,0.0874,0.00226,0.00131,0.174,0.0205,0.000215,0.0000975,0.0000257,0.0000461,0.019,0.00854,0.00204,0.00205,0.00287,0.00192,0.0255,0.00574,0.0885,0.194
122.5,0.00376,6.14E-01,6.70E-02,0.000232,0.031,0.000262,0,0.0874,0.00226,0.00132,0.176,0.0207,0.000218,0.0000985,0.000026,0.0000465,0.0191,0.00861,0.00205,0.00207,0.0029,0.00194,0.0257,0.0058,0.0892,0.195
122.6,0.00377,6.13E-01,6.69E-02,0.000232,0.0309,0.000262,0,0.0873,0.00226,0.00133,0.177,0.021,0.00022,0.0000995,0.0000262,0.000047,0.0193,0.00869,0.00207,0.00209,0.00293,0.00196,0.026,0.00585,0.09,0.197
122.7,0.00378,6.11E-01,6.67E-02,0.000231,0.0308,0.000261,0,0.0873,0.00226,0.00134,0.179,0.0212,0.000222,0.0001,0.0000265,0.0000475,0.0194,0.00876,0.00209,0.0021,0.00296,0.00198,0.0262,0.00591,0.0908,0.199
122.8,0.00379,6.10E-01,6.66E-02,0.000231,0.0308,0.00026,0,0.0872,0.00227,0.00135,0.18,0.0214,0.000224,0.000101,0.0000267,0.000048,0.0196,0.00884,0.00211,0.00212,0.00299,0.002,0.0264,0.00597,0.0916,0.2
122.9,0.00381,6.08E-01,6.64E-02,0.00023,0.0307,0.00026,0,0.0872,0.00227,0.00136,0.182,0.0216,0.000226,0.000102,0.000027,0.0000485,0.0198,0.00891,0.00212,0.00214,0.00302,0.00202,0.0266,0.00603,0.0923,0.202
123.0,0.00382,6.07E-01,6.63E-02,0.00023,0.0306,0.000259,0,0.0871,0.00227,0.00136,0.183,0.0218,0.000229,0.000103,0.0000272,0.000049,0.0199,0.00899,0.00214,0.00216,0.00306,0.00204,0.0268,0.0061,0.0931,0.204
123.1,0.00383,6.05E-01,6.61E-02,0.000229,0.0306,0.000258,0,0.0871,0.00227,0.00137,0.185,0.022,0.000231,0.000104,0.0000275,0.0000494,0.0201,0.00906,0.00216,0.00217,0.00309,0.00206,0.027,0.00616,0.0939,0.206
123.2,0.00384,6.04E-01,6.60E-02,0.000229,0.0305,0.000258,0,0.087,0.00227,0.00138,0.186,0.0222,0.000233,0.000105,0.0000278,0.0000499,0.0203,0.00914,0.00218,0.00219,0.00312,0.00208,0.0273,0.00622,0.0947,0.207
123.3,0.00385,6.02E-01,6.58E-02,0.000228,0.0304,0.000257,0,0.0869,0.00227,0.00139,0.188,0.0225,0.000235,0.000106,0.000028,0.0000504,0.0204,0.00922,0.0022,0.00221,0.00315,0.0021,0.0275,0.00628,0.0955,0.209
123.4,0.00386,6.01E-01,6.57E-02,0.000228,0.0303,0.000257,0,0.0869,0.00227,0.0014,0.189,0.0227,0.000238,0.000108,0.0000283,0.0000509,0.0206,0.00929,0.00222,0.00223,0.00318,0.00212,0.0277,0.00634,0.0963,0.211
123.5,0.00388,6.00E-01,6.55E-02,0.000227,0.0303,0.000256,0,0.0868,0.00227,0.00141,0.191,0.0229,0.00024,0.000109,0.0000286,0.0000514,0.0208,0.00937,0.00223,0.00224,0.00321,0.00214,0.0279,0.0064,0.0971,0.213
123.6,0.00389,5.98E-01,6.54E-02,0.000227,0.0302,0.000255,0,0.0868,0.00227,0.00142,0.192,0.0231,0.000242,0.00011,0.0000288,0.000052,0.021,0.00945,0.00225,0.00226,0.00324,0.00216,0.0282,0.00647,0.0979,0.214
123.7,0.0039,5.97E-01,6.52E-02,0.000226,0.0301,0.000255,0,0.0867,0.00227,0.00143,0.194,0.0234,0.000245,0.000111,0.0000291,0.0000525,0.0211,0.00953,0.00227,0.00228,0.00327,0.00218,0.0284,0.00653,0.0987,0.216
123.8,0.00391,5.95E-01,6.51E-02,0.000226,0.03,0.000254,0,0.0866,0.00227,0.00144,0.195,0.0236,0.000247,0.000112,0.0000294,0.000053,0.0213,0.0096,0.00229,0.0023,0.0033,0.0022,0.0286,0.00659,0.0995,0.218
123.9,0.00393,5.94E-01,6.49E-02,0.000225,0.03,0.000253,0,0.0865,0.00227,0.00144,0.197,0.0238,0.000249,0.000113,0.0000296,0.0000535,0.0215,0.00968,0.00231,0.00232,0.00334,0.00222,0.0288,0.00666,0.1,0.22
124.0,0.00394,5.92E-01,6.48E-02,0.000225,0.0299,0.000253,0,0.0865,0.00227,0.00145,0.199,0.0241,0.000252,0.000114,0.0000299,0.000054,0.0216,0.00976,0.00233,0.00234,0.00337,0.00225,0.0291,0.00672,0.101,0.221
124.1,0.00395,5.91E-01,6.46E-02,0.000224,0.0298,0.000252,0,0.0864,0.00228,0.00146,0.2,0.0243,0.000254,0.000115,0.0000302,0.0000545,0.0218,0.00984,0.00235,0.00235,0.0034,0.00227,0.0293,0.00679,0.102,0.223
124.2,0.00396,5.89E-01,6.45E-02,0.000224,0.0297,0.000251,0,0.0863,0.00228,0.00147,0.202,0.0245,0.000257,0.000116,0.0000305,0.0000551,0.022,0.00992,0.00237,0.00237,0.00343,0.00229,0.0295,0.00685,0.103,0.225
124.3,0.00398,5.88E-01,6.43E-02,0.000223,0.0296,0.000251,0,0.0863,0.00228,0.00148,0.203,0.0248,0.000259,0.000117,0.0000307,0.0000556,0.0222,0.01,0.00239,0.00239,0.00347,0.00231,0.0298,0.00692,0.104,0.227
124.4,0.00399,5.86E-01,6.41E-02,0.000223,0.0296,0.00025,0,0.0862,0.00228,0.00149,0.205,0.025,0.000261,0.000118,0.000031,0.0000561,0.0223,0.0101,0.0024,0.00241,0.0035,0.00233,0.03,0.00698,0.104,0.229
124.5,0.004,5.84E-01,6.40E-02,0.000222,0.0295,0.00025,0,0.0861,0.00228,0.0015,0.206,0.0252,0.000264,0.000119,0.0000313,0.0000566,0.0225,0.0102,0.00242,0.00243,0.00353,0.00236,0.0302,0.00705,0.105,0.23
124.6,0.00402,5.83E-01,6.38E-02,0.000222,0.0294,0.000249,0,0.086,0.00228,0.0015,0.208,0.0255,0.000266,0.00012,0.0000316,0.0000572,0.0227,0.0102,0.00244,0.00245,0.00357,0.00238,0.0305,0.00711,0.106,0.232
124.7,0.00403,5.81E-01,6.37E-02,0.000221,0.0293,0.000248,0,0.0859,0.00228,0.00151,0.21,0.0257,0.000269,0.000121,0.0000319,0.0000577,0.0229,0.0103,0.00246,0.00247,0.0036,0.0024,0.0307,0.00718,0.107,0.234
124.8,0.00404,5.80E-01,6.35E-02,0.00022,0.0293,0.000248,0,0.0859,0.00228,0.00152,0.211,0.0259,0.000271,0.000123,0.0000321,0.0000582,0.0231,0.0104,0.00248,0.00249,0.00363,0.00242,0.0309,0.00725,0.108,0.236
124.9,0.00406,5.78E-01,6.33E-02,0.00022,0.0292,0.000247,0,0.0858,0.00228,0.00153,0.213,0.0262,0.000274,0.000124,0.0000324,0.0000588,0.0232,0.0105,0.0025,0.0025,0.00367,0.00244,0.0312,0.00731,0.109,0.238
125.0,0.00407,5.77E-01,6.32E-02,0.000219,0.0291,0.000246,0,0.0857,0.00228,0.00154,0.215,0.0264,0.000276,0.000125,0.0000327,0.0000593,0.0234,0.0106,0.00252,0.00252,0.0037,0.00247,0.0314,0.00738,0.11,0.24
125.1,0.00408,5.75E-01,6.30E-02,0.000219,0.029,0.000246,0,0.0856,0.00228,0.00155,0.216,0.0267,0.000279,0.000126,0.000033,0.0000599,0.0236,0.0106,0.00254,0.00254,0.00374,0.00249,0.0317,0.00745,0.11,0.242
125.2,0.0041,5.74E-01,6.29E-02,0.000218,0.0289,0.000245,0,0.0855,0.00228,0.00156,0.218,0.0269,0.000281,0.000127,0.0000333,0.0000604,0.0238,0.0107,0.00256,0.00256,0.00377,0.00251,0.0319,0.00752,0.111,0.243
125.3,0.00411,5.72E-01,6.27E-02,0.000218,0.0289,0.000244,0,0.0854,0.00228,0.00156,0.219,0.0272,0.000284,0.000128,0.0000336,0.000061,0.024,0.0108,0.00258,0.00258,0.0038,0.00254,0.0321,0.00759,0.112,0.245
125.4,0.00412,5.71E-01,6.25E-02,0.000217,0.0288,0.000244,0,0.0853,0.00228,0.00157,0.221,0.0274,0.000286,0.000129,0.0000339,0.0000615,0.0241,0.0109,0.0026,0.0026,0.00384,0.00256,0.0324,0.00766,0.113,0.247
125.5,0.00414,5.69E-01,6.24E-02,0.000216,0.0287,0.000243,0,0.0852,0.00228,0.00158,0.223,0.0276,0.000289,0.00013,0.0000342,0.0000621,0.0243,0.011,0.00262,0.00262,0.00387,0.00258,0.0326,0.00773,0.114,0.249
125.6,0.00415,5.67E-01,6.22E-02,0.000216,0.0286,0.000242,0,0.0852,0.00228,0.00159,0.224,0.0279,0.000291,0.000132,0.0000345,0.0000627,0.0245,0.0111,0.00264,0.00264,0.00391,0.00261,0.0329,0.0078,0.115,0.251
125.7,0.00417,5.66E-01,6.21E-02,0.000215,0.0285,0.000241,0,0.0851,0.00228,0.0016,0.226,0.0281,0.000294,0.000133,0.0000348,0.0000632,0.0247,0.0111,0.00266,0.00266,0.00394,0.00263,0.0331,0.00787,0.116,0.253
125.8,0.00418,5.64E-01,6.19E-02,0.000215,0.0285,0.000241,0,0.085,0.00228,0.00161,0.228,0.0284,0.000297,0.000134,0.0000351,0.0000638,0.0249,0.0112,0.00268,0.00268,0.00398,0.00265,0.0334,0.00794,0.116,0.255
125.9,0.0042,5.63E-01,6.17E-02,0.000214,0.0284,0.00024,0,0.0849,0.00228,0.00162,0.229,0.0287,0.000299,0.000135,0.0000353,0.0000644,0.0251,0.0113,0.0027,0.0027,0.00402,0.00268,0.0336,0.00801,0.117,0.257
126.0,0.00421,5.61E-01,6.16E-02,0.000214,0.0283,0.000239,0,0.0848,0.00228,0.00162,0.231,0.0289,0.000302,0.000136,0.0000356,0.0000649,0.0253,0.0114,0.00272,0.00272,0.00405,0.0027,0.0338,0.00808,0.118,0.259
126.1,0.00423,5.59E-01,6.14E-02,0.000213,0.0282,0.000239,0,0.0847,0.00228,0.00163,0.233,0.0292,0.000304,0.000137,0.0000359,0.0000655,0.0254,0.0115,0.00274,0.00274,0.00409,0.00272,0.0341,0.00815,0.119,0.261
126.2,0.00424,5.58E-01,6.12E-02,0.000212,0.0281,0.000238,0,0.0846,0.00228,0.00164,0.235,0.0294,0.000307,0.000139,0.0000363,0.0000661,0.0256,0.0116,0.00276,0.00276,0.00412,0.00275,0.0343,0.00822,0.12,0.263
126.3,0.00426,5.56E-01,6.10E-02,0.000212,0.0281,0.000237,0,0.0845,0.00228,0.00165,0.236,0.0297,0.00031,0.00014,0.0000366,0.0000667,0.0258,0.0117,0.00278,0.00278,0.00416,0.00277,0.0346,0.00829,0.121,0.265
126.4,0.00427,5.55E-01,6.09E-02,0.000211,0.028,0.000237,0,0.0844,0.00228,0.00166,0.238,0.0299,0.000312,0.000141,0.0000369,0.0000672,0.026,0.0117,0.00281,0.0028,0.00419,0.0028,0.0348,0.00836,0.122,0.266
126.5,0.00429,5.53E-01,6.07E-02,0.000211,0.0279,0.000236,0,0.0842,0.00228,0.00167,0.24,0.0302,0.000315,0.000142,0.0000372,0.0000678,0.0262,0.0118,0.00283,0.00282,0.00423,0.00282,0.0351,0.00844,0.123,0.268
126.6,0.0043,5.51E-01,6.05E-02,0.00021,0.0278,0.000235,0,0.0842,0.00228,0.00168,0.241,0.0304,0.000318,0.000143,0.0000375,0.0000684,0.0264,0.0119,0.00285,0.00284,0.00427,0.00285,0.0353,0.00851,0.124,0.27
126.7,0.00432,5.50E-01,6.04E-02,0.00021,0.0277,0.000235,0,0.084,0.00228,0.00168,0.243,0.0307,0.00032,0.000145,0.0000378,0.000069,0.0266,0.012,0.00287,0.00286,0.0043,0.00287,0.0356,0.00858,0.125,0.272
126.8,0.00433,5.48E-01,6.02E-02,0.000209,0.0276,0.000234,0,0.0839,0.00228,0.00169,0.245,0.031,0.000323,0.000146,0.0000381,0.0000696,0.0268,0.0121,0.00289,0.00288,0.00434,0.00289,0.0358,0.00866,0.125,0.274
126.9,0.00435,5.46E-01,6.00E-02,0.000208,0.0276,0.000233,0,0.0838,0.00227,0.0017,0.247,0.0312,0.000326,0.000147,0.0000384,0.0000702,0.027,0.0122,0.00291,0.0029,0.00438,0.00292,0.0361,0.00873,0.126,0.276
127.0,0.00436,5.45E-01,5.98E-02,0.000208,0.0275,0.000232,0,0.0837,0.00227,0.00171,0.248,0.0315,0.000328,0.000148,0.0000387,0.0000708,0.0272,0.0123,0.00293,0.00292,0.00442,0.00294,0.0364,0.00881,0.127,0.278
127.1,0.00438,5.43E-01,5.97E-02,0.000207,0.0274,0.000232,0,0.0836,0.00227,0.00172,0.25,0.0318,0.000331,0.000149,0.000039,0.0000714,0.0274,0.0124,0.00295,0.00294,0.00445,0.00297,0.0366,0.00888,0.128,0.28
127.2,0.0044,5.41E-01,5.95E-02,0.000207,0.0273,0.000231,0,0.0835,0.00227,0.00173,0.252,0.032,0.000334,0.000151,0.0000393,0.000072,0.0276,0.0124,0.00297,0.00296,0.00449,0.00299,0.0369,0.00895,0.129,0.282
127.3,0.00441,5.40E-01,5.93E-02,0.000206,0.0272,0.00023,0,0.0834,0.00227,0.00173,0.254,0.0323,0.000337,0.000152,0.0000397,0.0000726,0.0278,0.0125,0.003,0.00298,0.00453,0.00302,0.0371,0.00903,0.13,0.284
127.4,0.00443,5.38E-01,5.92E-02,0.000205,0.0271,0.00023,0,0.0832,0.00227,0.00174,0.255,0.0326,0.000339,0.000153,0.00004,0.0000732,0.028,0.0126,0.00302,0.003,0.00456,0.00304,0.0374,0.0091,0.131,0.286
127.5,0.00445,5.36E-01,5.90E-02,0.000205,0.0271,0.000229,0,0.0831,0.00227,0.00175,0.257,0.0328,0.000342,0.000154,0.0000403,0.0000738,0.0281,0.0127,0.00304,0.00302,0.0046,0.00307,0.0376,0.00918,0.132,0.289
127.6,0.00446,5.35E-01,5.88E-02,0.000204,0.027,0.000228,0,0.083,0.00227,0.00176,0.259,0.0331,0.000345,0.000156,0.0000406,0.0000744,0.0283,0.0128,0.00306,0.00305,0.00464,0.00309,0.0379,0.00925,0.133,0.291
127.7,0.00448,5.33E-01,5.86E-02,0.000203,0.0269,0.000228,0,0.0829,0.00227,0.00177,0.261,0.0334,0.000348,0.000157,0.0000409,0.000075,0.0285,0.0129,0.00308,0.00307,0.00468,0.00312,0.0382,0.00933,0.134,0.293
127.8,0.0045,5.31E-01,5.85E-02,0.000203,0.0268,0.000227,0,0.0828,0.00227,0.00177,0.262,0.0336,0.000351,0.000158,0.0000412,0.0000756,0.0287,0.013,0.0031,0.00309,0.00472,0.00314,0.0384,0.0094,0.135,0.295
127.9,0.00451,5.30E-01,5.83E-02,0.000202,0.0267,0.000226,0,0.0826,0.00227,0.00178,0.264,0.0339,0.000353,0.000159,0.0000416,0.0000762,0.0289,0.0131,0.00312,0.00311,0.00475,0.00317,0.0387,0.00948,0.136,0.297
128.0,0.00453,5.28E-01,5.81E-02,0.000202,0.0266,0.000225,0,0.0825,0.00227,0.00179,0.266,0.0342,0.000356,0.000161,0.0000419,0.0000768,0.0291,0.0132,0.00315,0.00313,0.00479,0.0032,0.0389,0.00956,0.137,0.299
128.1,0.00455,5.26E-01,5.79E-02,0.000201,0.0266,0.000225,0,0.0824,0.00227,0.0018,0.268,0.0345,0.000359,0.000162,0.0000422,0.0000775,0.0293,0.0133,0.00317,0.00315,0.00483,0.00322,0.0392,0.00963,0.138,0.301
128.2,0.00457,5.25E-01,5.77E-02,0.0002,0.0265,0.000224,0,0.0823,0.00227,0.00181,0.27,0.0347,0.000362,0.000163,0.0000425,0.0000781,0.0295,0.0134,0.00319,0.00317,0.00487,0.00325,0.0395,0.00971,0.139,0.303
128.3,0.00458,5.23E-01,5.76E-02,0.0002,0.0264,0.000223,0,0.0821,0.00226,0.00181,0.271,0.035,0.000365,0.000164,0.0000429,0.0000787,0.0297,0.0134,0.00321,0.00319,0.00491,0.00327,0.0397,0.00979,0.139,0.305
128.4,0.0046,5.21E-01,5.74E-02,0.000199,0.0263,0.000222,0,0.082,0.00226,0.00182,0.273,0.0353,0.000368,0.000166,0.0000432,0.0000793,0.0299,0.0135,0.00323,0.00321,0.00495,0.0033,0.04,0.00986,0.14,0.307
128.5,0.00462,5.20E-01,5.72E-02,0.000199,0.0262,0.000222,0,0.0819,0.00226,0.00183,0.275,0.0356,0.00037,0.000167,0.0000435,0.00008,0.0301,0.0136,0.00326,0.00324,0.00499,0.00332,0.0403,0.00994,0.141,0.309
128.6,0.00464,5.18E-01,5.70E-02,0.000198,0.0261,0.000221,0,0.0817,0.00226,0.00184,0.277,0.0358,0.000373,0.000168,0.0000438,0.0000806,0.0303,0.0137,0.00328,0.00326,0.00503,0.00335,0.0405,0.01,0.142,0.311
128.7,0.00465,5.16E-01,5.69E-02,0.000197,0.026,0.00022,0,0.0816,0.00226,0.00185,0.279,0.0361,0.000376,0.00017,0.0000442,0.0000812,0.0306,0.0138,0.0033,0.00328,0.00507,0.00338,0.0408,0.0101,0.143,0.313
128.8,0.00467,5.14E-01,5.67E-02,0.000197,0.026,0.00022,0,0.0815,0.00226,0.00185,0.281,0.0364,0.000379,0.000171,0.0000445,0.0000818,0.0308,0.0139,0.00332,0.0033,0.00511,0.0034,0.0411,0.0102,0.144,0.315
128.9,0.00469,5.13E-01,5.65E-02,0.000196,0.0259,0.000219,0,0.0813,0.00226,0.00186,0.282,0.0367,0.000382,0.000172,0.0000448,0.0000825,0.031,0.014,0.00335,0.00332,0.00514,0.00343,0.0413,0.0103,0.145,0.318
129.0,0.00471,5.11E-01,5.63E-02,0.000195,0.0258,0.000218,0,0.0812,0.00226,0.00187,0.284,0.037,0.000385,0.000173,0.0000452,0.0000831,0.0312,0.0141,0.00337,0.00334,0.00518,0.00346,0.0416,0.0103,0.146,0.32
129.1,0.00473,5.09E-01,5.61E-02,0.000195,0.0257,0.000217,0,0.081,0.00226,0.00188,0.286,0.0373,0.000388,0.000175,0.0000455,0.0000838,0.0314,0.0142,0.00339,0.00337,0.00522,0.00348,0.0419,0.0104,0.147,0.322
129.2,0.00475,5.08E-01,5.60E-02,0.000194,0.0256,0.000217,0,0.0809,0.00226,0.00189,0.288,0.0375,0.000391,0.000176,0.0000458,0.0000844,0.0316,0.0143,0.00341,0.00339,0.00526,0.00351,0.0421,0.0105,0.148,0.324
129.3,0.00477,5.06E-01,5.58E-02,0.000194,0.0255,0.000216,0,0.0808,0.00225,0.00189,0.29,0.0378,0.000394,0.000177,0.0000462,0.000085,0.0318,0.0144,0.00344,0.00341,0.0053,0.00354,0.0424,0.0106,0.149,0.326
129.4,0.00479,5.04E-01,5.56E-02,0.000193,0.0254,0.000215,0,0.0806,0.00225,0.0019,0.292,0.0381,0.000397,0.000179,0.0000465,0.0000857,0.032,0.0145,0.00346,0.00343,0.00534,0.00356,0.0427,0.0107,0.15,0.328
129.5,0.00481,5.02E-01,5.54E-02,0.000192,0.0253,0.000214,0,0.0805,0.00225,0.00191,0.293,0.0384,0.000399,0.00018,0.0000468,0.0000863,0.0322,0.0146,0.00348,0.00345,0.00538,0.00359,0.043,0.0107,0.151,0.33
129.6,0.00483,5.01E-01,5.52E-02,0.000192,0.0253,0.000214,0,0.0803,0.00225,0.00192,0.295,0.0387,0.000402,0.000181,0.0000472,0.000087,0.0324,0.0147,0.0035,0.00347,0.00542,0.00362,0.0432,0.0108,0.152,0.332
129.7,0.00485,4.99E-01,5.50E-02,0.000191,0.0252,0.000213,0,0.0802,0.00225,0.00192,0.297,0.039,0.000405,0.000183,0.0000475,0.0000876,0.0326,0.0147,0.00353,0.0035,0.00546,0.00364,0.0435,0.0109,0.153,0.335
129.8,0.00487,4.97E-01,5.49E-02,0.00019,0.0251,0.000212,0,0.08,0.00225,0.00193,0.299,0.0393,0.000408,0.000184,0.0000478,0.0000883,0.0328,0.0148,0.00355,0.00352,0.00551,0.00367,0.0438,0.011,0.154,0.337
129.9,0.00489,4.95E-01,5.47E-02,0.00019,0.025,0.000211,0,0.0799,0.00225,0.00194,0.301,0.0395,0.000411,0.000185,0.0000482,0.0000889,0.033,0.0149,0.00357,0.00354,0.00555,0.0037,0.0441,0.0111,0.155,0.339
130.0,0.00491,4.94E-01,5.45E-02,0.000189,0.0249,0.000211,0,0.0797,0.00224,0.00195,0.303,0.0398,0.000414,0.000187,0.0000485,0.0000896,0.0332,0.015,0.0036,0.00356,0.00559,0.00372,0.0443,0.0111,0.156,0.341
130.5,0.00501,4.85E-01,5.36E-02,0.000186,0.0245,0.000207,0,0.079,0.00224,0.00198,0.312,0.0413,0.000429,0.000193,0.0000502,0.0000929,0.0343,0.0155,0.00371,0.00367,0.00579,0.00386,0.0457,0.0115,0.161,0.352
131.0,0.00512,4.76E-01,5.26E-02,0.000183,0.024,0.000203,0,0.0782,0.00223,0.00202,0.322,0.0428,0.000444,0.0002,0.0000519,0.0000962,0.0354,0.016,0.00383,0.00379,0.006,0.004,0.0471,0.012,0.166,0.363
131.5,0.00523,4.67E-01,5.17E-02,0.000179,0.0236,0.000199,0,0.0773,0.00222,0.00205,0.331,0.0442,0.000459,0.000207,0.0000537,0.0000995,0.0364,0.0165,0.00394,0.0039,0.00621,0.00414,0.0485,0.0124,0.171,0.374
132.0,0.00535,4.58E-01,5.07E-02,0.000176,0.0231,0.000196,0,0.0765,0.00221,0.00209,0.341,0.0457,0.000475,0.000214,0.0000554,0.000103,0.0375,0.017,0.00406,0.00401,0.00641,0.00428,0.0499,0.0128,0.176,0.385
132.5,0.00548,4.49E-01,4.98E-02,0.000173,0.0227,0.000192,0,0.0756,0.00219,0.00212,0.351,0.0472,0.00049,0.000221,0.0000571,0.000106,0.0386,0.0175,0.00418,0.00413,0.00662,0.00442,0.0514,0.0132,0.181,0.396
133.0,0.0056,4.40E-01,4.88E-02,0.000169,0.0222,0.000188,0,0.0747,0.00218,0.00215,0.361,0.0487,0.000505,0.000227,0.0000589,0.00011,0.0397,0.018,0.0043,0.00424,0.00683,0.00456,0.0528,0.0136,0.187,0.408
133.5,0.00574,4.31E-01,4.78E-02,0.000166,0.0218,0.000184,0,0.0737,0.00217,0.00218,0.37,0.0502,0.000521,0.000234,0.0000606,0.000113,0.0408,0.0185,0.00443,0.00436,0.00705,0.0047,0.0542,0.014,0.192,0.419
134.0,0.00588,4.22E-01,4.69E-02,0.000163,0.0213,0.00018,0,0.0728,0.00215,0.00221,0.38,0.0517,0.000536,0.000241,0.0000624,0.000116,0.0419,0.019,0.00455,0.00448,0.00726,0.00484,0.0557,0.0145,0.197,0.431
134.5,0.00603,4.13E-01,4.59E-02,0.000159,0.0208,0.000176,0,0.0718,0.00214,0.00224,0.39,0.0532,0.000552,0.000248,0.0000641,0.00012,0.043,0.0195,0.00467,0.00459,0.00747,0.00498,0.0572,0.0149,0.202,0.442
135.0,0.00618,4.04E-01,4.49E-02,0.000156,0.0204,0.000173,0,0.0708,0.00212,0.00227,0.4,0.0547,0.000567,0.000255,0.0000658,0.000123,0.0441,0.02,0.00479,0.00471,0.00768,0.00512,0.0586,0.0153,0.208,0.453
135.5,0.00634,3.95E-01,4.39E-02,0.000152,0.0199,0.000169,0,0.0697,0.00211,0.00229,0.41,0.0562,0.000582,0.000262,0.0000676,0.000126,0.0452,0.0205,0.00492,0.00483,0.00789,0.00526,0.0601,0.0157,0.213,0.465
136.0,0.00651,3.86E-01,4.30E-02,0.000149,0.0195,0.000165,0,0.0687,0.00209,0.00232,0.42,0.0577,0.000597,0.000268,0.0000693,0.00013,0.0464,0.021,0.00504,0.00495,0.00809,0.00539,0.0616,0.0161,0.218,0.476
136.5,0.00669,3.77E-01,4.20E-02,0.000146,0.019,0.000161,0,0.0676,0.00207,0.00234,0.431,0.0591,0.000612,0.000275,0.000071,0.000133,0.0475,0.0215,0.00516,0.00507,0.0083,0.00553,0.063,0.0165,0.223,0.488
137.0,0.00687,3.68E-01,4.10E-02,0.000142,0.0186,0.000157,0,0.0665,0.00205,0.00236,0.441,0.0606,0.000627,0.000282,0.0000726,0.000136,0.0486,0.022,0.00529,0.00519,0.0085,0.00567,0.0645,0.0169,0.229,0.499
137.5,0.00706,3.59E-01,4.00E-02,0.000139,0.0181,0.000153,0,0.0654,0.00203,0.00238,0.451,0.062,0.000642,0.000288,0.0000743,0.00014,0.0497,0.0225,0.00541,0.00531,0.0087,0.0058,0.066,0.0173,0.234,0.511
138.0,0.00726,3.50E-01,3.91E-02,0.000136,0.0177,0.000149,0,0.0643,0.00201,0.0024,0.461,0.0634,0.000656,0.000294,0.0000759,0.000143,0.0509,0.0231,0.00554,0.00542,0.0089,0.00593,0.0675,0.0177,0.239,0.522
138.5,0.00747,3.41E-01,3.81E-02,0.000132,0.0172,0.000146,0,0.0631,0.00199,0.00241,0.471,0.0648,0.00067,0.000301,0.0000775,0.000146,0.052,0.0236,0.00566,0.00554,0.0091,0.00606,0.069,0.0181,0.245,0.534
139.0,0.0077,3.32E-01,3.71E-02,0.000129,0.0168,0.000142,0,0.062,0.00197,0.00243,0.481,0.0661,0.000684,0.000307,0.000079,0.000149,0.0531,0.0241,0.00578,0.00566,0.00929,0.00619,0.0704,0.0185,0.25,0.545
139.5,0.00793,3.24E-01,3.62E-02,0.000126,0.0163,0.000138,0,0.0608,0.00195,0.00244,0.491,0.0675,0.000697,0.000313,0.0000805,0.000152,0.0542,0.0246,0.00591,0.00578,0.00947,0.00631,0.0719,0.0189,0.255,0.557
140.0,0.00817,3.15E-01,3.52E-02,0.000122,0.0159,0.000134,0,0.0596,0.00193,0.00245,0.501,0.0687,0.000711,0.000319,0.000082,0.000155,0.0553,0.0251,0.00603,0.0059,0.00965,0.00644,0.0734,0.0192,0.26,0.568
140.5,0.00843,3.06E-01,3.43E-02,0.000119,0.0154,0.000131,0,0.0584,0.0019,0.00246,0.511,0.07,0.000723,0.000325,0.0000835,0.000158,0.0565,0.0256,0.00615,0.00602,0.00983,0.00655,0.0749,0.0196,0.265,0.579
141.0,0.0087,2.97E-01,3.33E-02,0.000116,0.015,0.000127,0,0.0572,0.00188,0.00247,0.521,0.0712,0.000736,0.00033,0.0000848,0.00016,0.0576,0.0261,0.00628,0.00614,0.01,0.00667,0.0763,0.0199,0.27,0.591
141.5,0.00898,2.89E-01,3.24E-02,0.000112,0.0146,0.000123,0,0.056,0.00185,0.00248,0.531,0.0724,0.000748,0.000335,0.0000862,0.000163,0.0587,0.0266,0.0064,0.00625,0.0102,0.00678,0.0778,0.0202,0.276,0.602
142.0,0.00928,2.80E-01,3.15E-02,0.000109,0.0141,0.00012,0,0.0548,0.00183,0.00248,0.541,0.0735,0.000759,0.000341,0.0000875,0.000166,0.0598,0.0271,0.00652,0.00637,0.0103,0.00689,0.0792,0.0206,0.281,0.613
142.5,0.00959,2.72E-01,3.05E-02,0.000106,0.0137,0.000116,0,0.0535,0.0018,0.00249,0.551,0.0746,0.000771,0.000346,0.0000887,0.000168,0.0609,0.0276,0.00664,0.00649,0.0105,0.00699,0.0807,0.0209,0.286,0.624
143.0,0.00992,2.64E-01,2.96E-02,0.000103,0.0133,0.000112,0,0.0523,0.00178,0.00249,0.561,0.0756,0.000781,0.00035,0.0000899,0.00017,0.062,0.0281,0.00676,0.00661,0.0106,0.00708,0.0821,0.0211,0.291,0.635
143.5,0.0103,2.56E-01,2.87E-02,0.0000997,0.0129,0.000109,0,0.0511,0.00175,0.00249,0.571,0.0766,0.000791,0.000355,0.000091,0.000173,0.0631,0.0286,0.00688,0.00672,0.0108,0.00718,0.0836,0.0214,0.296,0.646
144.0,0.0106,2.47E-01,2.78E-02,0.0000965,0.0125,0.000106,0,0.0498,0.00173,0.00249,0.58,0.0775,0.0008,0.000359,0.000092,0.000175,0.0641,0.0291,0.007,0.00684,0.0109,0.00726,0.085,0.0217,0.3,0.656
144.5,0.011,2.39E-01,2.69E-02,0.0000935,0.0121,0.000102,0,0.0486,0.0017,0.00248,0.59,0.0784,0.000809,0.000363,0.0000929,0.000177,0.0652,0.0296,0.00712,0.00695,0.011,0.00734,0.0865,0.0219,0.305,0.667
145.0,0.0114,2.31E-01,2.61E-02,0.0000904,0.0117,0.0000987,0,0.0473,0.00167,0.00248,0.6,0.0792,0.000817,0.000366,0.0000938,0.000178,0.0663,0.03,0.00724,0.00707,0.0111,0.00742,0.0879,0.0221,0.31,0.677
145.5,0.0119,2.24E-01,2.52E-02,0.0000874,0.0113,0.0000954,0,0.046,0.00164,0.00247,0.61,0.0799,0.000824,0.000369,0.0000946,0.00018,0.0673,0.0305,0.00736,0.00718,0.0112,0.00748,0.0893,0.0223,0.315,0.688
146.0,0.0123,2.16E-01,2.43E-02,0.0000844,0.0109,0.0000921,0,0.0448,0.00161,0.00246,0.619,0.0806,0.000831,0.000372,0.0000953,0.000182,0.0684,0.031,0.00748,0.0073,0.0113,0.00755,0.0907,0.0225,0.32,0.698
146.5,0.0128,2.08E-01,2.35E-02,0.0000815,0.0105,0.0000888,0,0.0435,0.00158,0.00245,0.629,0.0811,0.000837,0.000375,0.000096,0.000183,0.0695,0.0315,0.0076,0.00741,0.0114,0.0076,0.0921,0.0227,0.324,0.709
147.0,0.0133,2.00E-01,2.26E-02,0.0000785,0.0101,0.0000855,0,0.0422,0.00155,0.00243,0.639,0.0816,0.000841,0.000377,0.0000965,0.000184,0.0705,0.032,0.00772,0.00753,0.0115,0.00765,0.0936,0.0228,0.329,0.719
147.5,0.0139,1.93E-01,2.18E-02,0.0000757,0.00973,0.0000823,0,0.0409,0.00152,0.00242,0.648,0.082,0.000845,0.000379,0.0000969,0.000185,0.0715,0.0324,0.00783,0.00764,0.0115,0.00768,0.095,0.0229,0.334,0.729
148.0,0.0145,1.86E-01,2.10E-02,0.0000728,0.00936,0.0000792,0,0.0397,0.00149,0.0024,0.658,0.0823,0.000848,0.00038,0.0000972,0.000186,0.0726,0.0329,0.00795,0.00775,0.0116,0.00771,0.0964,0.023,0.338,0.739
148.5,0.0151,1.78E-01,2.02E-02,0.00007,0.00899,0.0000761,0,0.0384,0.00146,0.00238,0.668,0.0825,0.00085,0.000381,0.0000974,0.000186,0.0736,0.0333,0.00806,0.00787,0.0116,0.00773,0.0978,0.0231,0.342,0.748
149.0,0.0158,1.71E-01,1.94E-02,0.0000672,0.00863,0.000073,0,0.0371,0.00143,0.00236,0.677,0.0826,0.000851,0.000381,0.0000975,0.000186,0.0746,0.0338,0.00818,0.00798,0.0116,0.00774,0.0992,0.0231,0.347,0.758
149.5,0.0165,1.64E-01,1.86E-02,0.0000645,0.00827,0.00007,0,0.0358,0.00139,0.00233,0.687,0.0826,0.000851,0.000381,0.0000974,0.000186,0.0757,0.0343,0.00829,0.00809,0.0116,0.00774,0.101,0.0231,0.351,0.768
150.0,0.0173,1.57E-01,1.78E-02,0.0000618,0.00792,0.000067,0,0.0346,0.00136,0.00231,0.696,0.0825,0.00085,0.000381,0.0000972,0.000186,0.0767,0.0347,0.00841,0.0082,0.0116,0.00773,0.102,0.0231,0.356,0.777
152.0,0.0211,1.30E-01,1.48E-02,0.0000513,0.00656,0.0000555,0,0.0294,0.00122,0.00218,0.735,0.0808,0.000831,0.000372,0.000095,0.000182,0.0807,0.0365,0.00886,0.00866,0.0114,0.00757,0.108,0.0226,0.372,0.814
154.0,0.0266,1.05E-01,1.19E-02,0.0000413,0.00527,0.0000446,0,0.0243,0.00108,0.00201,0.774,0.0766,0.000788,0.000353,0.0000899,0.000173,0.0848,0.0383,0.00933,0.00912,0.0108,0.00718,0.113,0.0214,0.388,0.849
156.0,0.0351,8.01E-02,9.15E-03,0.0000317,0.00404,0.0000342,0,0.0192,0.000914,0.00179,0.816,0.0692,0.000711,0.000318,0.0000811,0.000156,0.089,0.0401,0.00981,0.00961,0.00973,0.00649,0.119,0.0194,0.404,0.884
158.0,0.0502,5.66E-02,6.47E-03,0.0000224,0.00285,0.0000241,0,0.0138,0.000729,0.0015,0.86,0.0576,0.000591,0.000264,0.0000673,0.00013,0.0933,0.0419,0.0103,0.0101,0.00809,0.00539,0.126,0.0161,0.418,0.917
160.0,0.0831,3.45E-02,3.96E-03,0.0000137,0.00174,0.0000147,0,0.00864,0.000532,0.00115,0.908,0.0415,0.000425,0.00019,0.0000483,0.0000934,0.0979,0.0438,0.0108,0.0107,0.00583,0.00388,0.133,0.0116,0.432,0.949
162.0,0.147,1.97E-02,2.27E-03,0.00000787,0.000995,0.00000842,0,0.00504,0.000369,0.000841,0.943,0.0282,0.000289,0.000129,0.0000328,0.0000635,0.101,0.0452,0.0112,0.0111,0.00396,0.00264,0.138,0.00788,0.442,0.97
164.0,0.215,1.36E-02,1.57E-03,0.00000543,0.000685,0.0000058,0,0.00354,0.000259,0.000606,0.957,0.0231,0.000237,0.000106,0.0000269,0.0000521,0.102,0.0457,0.0114,0.0113,0.00325,0.00217,0.14,0.00647,0.446,0.979
165.0,0.246,1.19E-02,1.38E-03,0.00000478,0.000602,0.00000509,0,0.00314,0.00023,0.000545,0.96,0.0222,0.000227,0.000102,0.0000258,0.00005,0.103,0.0459,0.0114,0.0113,0.00312,0.00208,0.141,0.00621,0.447,0.982
166.0,0.276,1.07E-02,1.24E-03,0.0000043,0.000541,0.00000458,0,0.00285,0.000208,0.0005,0.962,0.0218,0.000223,0.0000998,0.0000253,0.0000492,0.103,0.0459,0.0114,0.0113,0.00307,0.00204,0.141,0.00611,0.448,0.984
168.0,0.33,9.06E-03,1.05E-03,0.00000363,0.000456,0.00000386,0,0.00246,0.000178,0.000439,0.964,0.0222,0.000227,0.000101,0.0000257,0.00005,0.103,0.046,0.0115,0.0114,0.00312,0.00208,0.141,0.00621,0.449,0.986
170.0,0.38,7.93E-03,9.20E-04,0.00000319,0.0004,0.00000338,0,0.0022,0.000158,0.0004,0.964,0.0236,0.000241,0.000108,0.0000273,0.0000532,0.103,0.0461,0.0115,0.0114,0.00332,0.00221,0.141,0.00661,0.45,0.988
172.0,0.429,7.10E-03,8.25E-04,0.00000286,0.000358,0.00000303,0,0.00202,0.000143,0.000371,0.963,0.0261,0.000266,0.000119,0.00003,0.0000587,0.103,0.0461,0.0115,0.0114,0.00367,0.00244,0.141,0.0073,0.45,0.989
174.0,0.477,6.45E-03,7.51E-04,0.0000026,0.000325,0.00000275,0,0.00188,0.000132,0.000348,0.96,0.0298,0.000304,0.000136,0.0000342,0.0000671,0.103,0.0461,0.0114,0.0113,0.00419,0.00279,0.141,0.00834,0.451,0.99
175.0,0.501,6.17E-03,7.19E-04,0.00000249,0.000311,0.00000263,0,0.00181,0.000127,0.000338,0.958,0.0323,0.00033,0.000147,0.0000371,0.0000728,0.103,0.046,0.0114,0.0113,0.00454,0.00303,0.14,0.00904,0.451,0.99
176.0,0.525,5.91E-03,6.89E-04,0.00000239,0.000298,0.00000252,0,0.00176,0.000122,0.000329,0.955,0.0354,0.000361,0.000161,0.0000406,0.0000798,0.103,0.046,0.0114,0.0113,0.00498,0.00332,0.14,0.00992,0.451,0.991
178.0,0.575,5.44E-03,6.36E-04,0.00000221,0.000274,0.00000232,0,0.00166,0.000113,0.000312,0.947,0.0444,0.000452,0.000201,0.0000507,0.0000999,0.102,0.0458,0.0113,0.0112,0.00624,0.00416,0.139,0.0124,0.452,0.991
180.0,0.631,5.01E-03,5.87E-04,0.00000203,0.000252,0.00000213,0,0.00156,0.000105,0.000296,0.932,0.0602,0.000612,0.000273,0.0000685,0.000136,0.101,0.0455,0.0112,0.011,0.00847,0.00565,0.137,0.0169,0.453,0.992
182.0,0.7,4.55E-03,5.34E-04,0.00000185,0.000229,0.00000194,0,0.00144,0.0000968,0.000276,0.903,0.09,0.000914,0.000407,0.000102,0.000203,0.0994,0.045,0.011,0.0106,0.0127,0.00844,0.132,0.0252,0.454,0.993
184.0,0.788,4.08E-03,4.80E-04,0.00000167,0.000206,0.00000174,0,0.00132,0.0000881,0.000254,0.862,0.131,0.00133,0.000593,0.000149,0.000296,0.0967,0.0442,0.0107,0.0102,0.0185,0.0123,0.126,0.0369,0.456,0.993
185.0,0.832,3.88E-03,4.57E-04,0.00000159,0.000195,0.00000165,0,0.00127,0.0000843,0.000244,0.844,0.15,0.00152,0.000678,0.00017,0.000338,0.0955,0.0438,0.0106,0.00994,0.0211,0.0141,0.124,0.0421,0.457,0.994
186.0,0.876,3.70E-03,4.37E-04,0.00000151,0.000186,0.00000158,0,0.00123,0.0000809,0.000236,0.828,0.166,0.00169,0.00075,0.000188,0.000375,0.0945,0.0435,0.0105,0.00976,0.0234,0.0156,0.121,0.0466,0.457,0.994
188.0,0.96,3.41E-03,4.03E-04,0.0000014,0.000172,0.00000145,0,0.00115,0.0000752,0.000222,0.803,0.191,0.00194,0.000862,0.000216,0.000431,0.0929,0.043,0.0103,0.00947,0.0269,0.0179,0.118,0.0536,0.458,0.994
190.0,1.04,3.17E-03,3.75E-04,0.0000013,0.00016,0.00000135,0,0.00109,0.0000705,0.000211,0.786,0.209,0.00212,0.000944,0.000236,0.000472,0.0918,0.0427,0.0102,0.00926,0.0295,0.0197,0.115,0.0587,0.459,0.995
192.0,1.12,2.97E-03,3.53E-04,0.00000122,0.00015,0.00000127,0,0.00105,0.0000666,0.000202,0.772,0.223,0.00226,0.00101,0.000252,0.000503,0.0909,0.0424,0.0101,0.0091,0.0314,0.0209,0.113,0.0626,0.46,0.995
194.0,1.2,2.80E-03,3.33E-04,0.00000115,0.000141,0.00000119,0,0.00101,0.0000632,0.000194,0.761,0.234,0.00237,0.00105,0.000264,0.000527,0.0902,0.0422,0.01,0.00898,0.0329,0.022,0.112,0.0656,0.46,0.995
195.0,1.24,2.73E-03,3.24E-04,0.00000113,0.000137,0.00000116,0,0.000994,0.0000617,0.000191,0.757,0.239,0.00242,0.00108,0.000269,0.000537,0.0899,0.0421,0.00999,0.00892,0.0336,0.0224,0.111,0.0669,0.46,0.996
196.0,1.28,2.65E-03,3.16E-04,0.0000011,0.000134,0.00000113,0,0.000978,0.0000602,0.000187,0.753,0.243,0.00246,0.00109,0.000274,0.000546,0.0897,0.042,0.00996,0.00888,0.0342,0.0228,0.11,0.068,0.461,0.996
198.0,1.35,2.52E-03,3.01E-04,0.00000104,0.000127,0.00000107,0,0.00095,0.0000575,0.000181,0.746,0.25,0.00253,0.00112,0.000281,0.000562,0.0892,0.0419,0.00991,0.0088,0.0351,0.0234,0.109,0.07,0.461,0.996
200.0,1.43,2.40E-03,2.87E-04,0.000000995,0.000121,0.00000102,0,0.000926,0.0000551,0.000175,0.741,0.255,0.00259,0.00115,0.000288,0.000575,0.0889,0.0418,0.00987,0.00873,0.036,0.024,0.108,0.0716,0.461,0.996
202.0,1.51,2.29E-03,2.75E-04,0.000000952,0.000115,0.000000977,0,0.000904,0.0000529,0.00017,0.736,0.26,0.00264,0.00117,0.000293,0.000586,0.0886,0.0417,0.00984,0.00867,0.0367,0.0244,0.108,0.073,0.461,0.996
204.0,1.59,2.19E-03,2.63E-04,0.000000912,0.00011,0.000000934,0,0.000884,0.0000508,0.000165,0.732,0.265,0.00268,0.00119,0.000298,0.000596,0.0883,0.0416,0.00981,0.00862,0.0372,0.0248,0.107,0.0742,0.462,0.996
206.0,1.68,2.10E-03,2.53E-04,0.000000876,0.000106,0.000000895,0,0.000866,0.0000489,0.000161,0.728,0.268,0.00272,0.00121,0.000302,0.000604,0.0881,0.0416,0.00978,0.00858,0.0377,0.0252,0.107,0.0752,0.462,0.996
208.0,1.76,2.02E-03,2.43E-04,0.000000842,0.000102,0.000000859,0,0.00085,0.0000471,0.000156,0.725,0.271,0.00275,0.00122,0.000305,0.000611,0.0879,0.0415,0.00976,0.00855,0.0382,0.0255,0.106,0.0761,0.462,0.997
210.0,1.85,1.94E-03,2.34E-04,0.000000811,0.0000975,0.000000826,0,0.000836,0.0000454,0.000152,0.723,0.274,0.00278,0.00123,0.000308,0.000617,0.0877,0.0414,0.00974,0.00852,0.0386,0.0257,0.106,0.0768,0.462,0.997
212.0,1.93,1.86E-03,2.25E-04,0.000000782,0.0000938,0.000000794,0,0.000822,0.0000439,0.000148,0.72,0.276,0.0028,0.00124,0.000311,0.000622,0.0876,0.0414,0.00973,0.00849,0.0389,0.0259,0.106,0.0775,0.462,0.997
214.0,2.02,1.80E-03,2.18E-04,0.000000754,0.0000904,0.000000765,0,0.00081,0.0000424,0.000145,0.718,0.278,0.00282,0.00125,0.000313,0.000627,0.0874,0.0414,0.00971,0.00847,0.0392,0.0261,0.105,0.0781,0.462,0.997
216.0,2.12,1.73E-03,2.10E-04,0.000000728,0.0000871,0.000000737,0,0.000798,0.000041,0.000141,0.717,0.28,0.00284,0.00126,0.000316,0.000631,0.0873,0.0413,0.0097,0.00845,0.0395,0.0263,0.105,0.0786,0.463,0.997
218.0,2.21,1.67E-03,2.03E-04,0.000000704,0.000084,0.000000712,0,0.000787,0.0000396,0.000138,0.715,0.282,0.00286,0.00127,0.000317,0.000635,0.0872,0.0413,0.00969,0.00843,0.0397,0.0265,0.105,0.0791,0.463,0.997
220.0,2.31,1.61E-03,1.96E-04,0.000000681,0.0000811,0.000000687,0,0.000777,0.0000384,0.000134,0.714,0.284,0.00287,0.00128,0.000319,0.000638,0.0871,0.0413,0.00968,0.00841,0.0399,0.0266,0.105,0.0795,0.463,0.997
222.0,2.4,1.56E-03,1.90E-04,0.000000659,0.0000784,0.000000664,0,0.000768,0.0000372,0.000131,0.712,0.285,0.00289,0.00128,0.000321,0.000641,0.087,0.0412,0.00967,0.00839,0.0401,0.0267,0.104,0.0799,0.463,0.997
224.0,2.5,1.51E-03,1.84E-04,0.000000638,0.0000758,0.000000642,0,0.000759,0.000036,0.000128,0.711,0.286,0.0029,0.00129,0.000322,0.000644,0.087,0.0412,0.00966,0.00838,0.0403,0.0269,0.104,0.0802,0.463,0.997
226.0,2.61,1.46E-03,1.78E-04,0.000000618,0.0000733,0.000000621,0,0.00075,0.0000349,0.000125,0.71,0.287,0.00291,0.00129,0.000324,0.000647,0.0869,0.0412,0.00965,0.00836,0.0404,0.027,0.104,0.0806,0.463,0.997
228.0,2.71,1.41E-03,1.73E-04,0.0000006,0.000071,0.000000601,0,0.000743,0.0000339,0.000122,0.709,0.288,0.00292,0.0013,0.000325,0.000649,0.0868,0.0412,0.00965,0.00835,0.0406,0.0271,0.104,0.0809,0.463,0.997
230.0,2.82,1.37E-03,1.68E-04,0.000000582,0.0000688,0.000000582,0,0.000735,0.0000328,0.000119,0.708,0.289,0.00293,0.0013,0.000326,0.000652,0.0868,0.0412,0.00964,0.00834,0.0407,0.0272,0.104,0.0812,0.463,0.998
232.0,2.93,1.33E-03,1.63E-04,0.000000565,0.0000667,0.000000565,0,0.000729,0.0000319,0.000117,0.707,0.29,0.00294,0.00131,0.000327,0.000654,0.0867,0.0411,0.00963,0.00833,0.0409,0.0273,0.104,0.0814,0.463,0.998
234.0,3.04,1.29E-03,1.58E-04,0.000000549,0.0000647,0.000000548,0,0.000722,0.0000309,0.000114,0.706,0.291,0.00295,0.00131,0.000328,0.000656,0.0867,0.0411,0.00963,0.00832,0.041,0.0273,0.103,0.0817,0.463,0.998
236.0,3.16,1.25E-03,1.54E-04,0.000000533,0.0000627,0.000000531,0,0.000716,0.0000301,0.000111,0.706,0.292,0.00296,0.00132,0.000329,0.000658,0.0866,0.0411,0.00962,0.00831,0.0411,0.0274,0.103,0.0819,0.463,0.998
238.0,3.27,1.21E-03,1.50E-04,0.000000519,0.0000609,0.000000516,0,0.00071,0.0000292,0.000109,0.705,0.293,0.00297,0.00132,0.00033,0.000659,0.0866,0.0411,0.00962,0.0083,0.0412,0.0275,0.103,0.0821,0.463,0.998
240.0,3.4,1.18E-03,1.45E-04,0.000000504,0.0000591,0.000000501,0,0.000705,0.0000284,0.000107,0.704,0.294,0.00297,0.00132,0.000331,0.000661,0.0865,0.0411,0.00961,0.00829,0.0413,0.0276,0.103,0.0823,0.463,0.998
242.0,3.52,1.14E-03,1.42E-04,0.000000491,0.0000574,0.000000487,0,0.0007,0.0000276,0.000104,0.704,0.294,0.00298,0.00132,0.000331,0.000662,0.0865,0.0411,0.00961,0.00829,0.0414,0.0276,0.103,0.0825,0.463,0.998
244.0,3.64,1.11E-03,1.38E-04,0.000000478,0.0000558,0.000000473,0,0.000695,0.0000268,0.000102,0.703,0.295,0.00299,0.00133,0.000332,0.000664,0.0864,0.0411,0.0096,0.00828,0.0415,0.0277,0.103,0.0827,0.464,0.998
246.0,3.77,1.08E-03,1.34E-04,0.000000465,0.0000543,0.00000046,0,0.00069,0.0000261,0.0000996,0.702,0.296,0.00299,0.00133,0.000333,0.000665,0.0864,0.041,0.0096,0.00827,0.0416,0.0277,0.103,0.0829,0.464,0.998
248.0,3.91,1.05E-03,1.31E-04,0.000000453,0.0000528,0.000000447,0,0.000686,0.0000254,0.0000975,0.702,0.296,0.003,0.00133,0.000333,0.000667,0.0864,0.041,0.00959,0.00827,0.0417,0.0278,0.103,0.083,0.464,0.998
250.0,4.04,1.02E-03,1.27E-04,0.000000442,0.0000514,0.000000435,0,0.000682,0.0000247,0.0000954,0.701,0.297,0.00301,0.00134,0.000334,0.000668,0.0863,0.041,0.00959,0.00826,0.0418,0.0278,0.103,0.0832,0.464,0.998
252.0,4.18,9.95E-04,1.24E-04,0.00000043,0.00005,0.000000424,0,0.000678,0.0000241,0.0000933,0.701,0.297,0.00301,0.00134,0.000335,0.000669,0.0863,0.041,0.00959,0.00825,0.0418,0.0279,0.103,0.0834,0.464,0.998
254.0,4.32,9.68E-04,1.21E-04,0.00000042,0.0000487,0.000000413,0,0.000675,0.0000234,0.0000913,0.7,0.298,0.00302,0.00134,0.000335,0.00067,0.0862,0.041,0.00958,0.00825,0.0419,0.0279,0.103,0.0835,0.464,0.998
256.0,4.46,9.43E-04,1.18E-04,0.00000041,0.0000474,0.000000402,0,0.000672,0.0000228,0.0000894,0.7,0.298,0.00302,0.00134,0.000336,0.000671,0.0862,0.041,0.00958,0.00824,0.042,0.028,0.102,0.0837,0.464,0.998
258.0,4.61,9.19E-04,1.15E-04,0.0000004,0.0000462,0.000000392,2.46E-09,0.000669,0.0000222,0.0000875,0.699,0.299,0.00303,0.00135,0.000337,0.000673,0.0862,0.041,0.00958,0.00824,0.0421,0.028,0.102,0.0838,0.464,0.998
260.0,4.76,8.96E-04,1.12E-04,0.00000039,0.0000451,0.000000382,5.15E-08,0.000666,0.0000216,0.0000857,0.699,0.299,0.00303,0.00135,0.000337,0.000674,0.0862,0.041,0.00957,0.00823,0.0421,0.0281,0.102,0.0839,0.464,0.998
262.0,4.91,8.74E-04,1.10E-04,0.000000381,0.0000439,0.000000372,0.000000189,0.000663,0.0000211,0.0000839,0.698,0.3,0.00304,0.00135,0.000338,0.000675,0.0861,0.041,0.00957,0.00822,0.0422,0.0281,0.102,0.0841,0.464,0.998
264.0,5.07,8.52E-04,1.07E-04,0.000000372,0.0000428,0.000000363,0.000000449,0.000661,0.0000206,0.0000821,0.698,0.3,0.00304,0.00135,0.000338,0.000676,0.0861,0.041,0.00957,0.00822,0.0423,0.0282,0.102,0.0842,0.464,0.998
266.0,5.23,8.31E-04,1.05E-04,0.000000363,0.0000418,0.000000354,0.000000864,0.000659,0.0000201,0.0000805,0.698,0.301,0.00305,0.00135,0.000339,0.000677,0.0861,0.0409,0.00956,0.00821,0.0423,0.0282,0.102,0.0843,0.464,0.998
268.0,5.39,8.11E-04,1.02E-04,0.000000355,0.0000408,0.000000346,0.00000147,0.000657,0.0000196,0.0000788,0.697,0.301,0.00305,0.00136,0.000339,0.000678,0.086,0.0409,0.00956,0.00821,0.0424,0.0283,0.102,0.0844,0.464,0.998
270.0,5.55,7.92E-04,1.00E-04,0.000000347,0.0000398,0.000000337,0.00000229,0.000655,0.0000191,0.0000772,0.697,0.302,0.00305,0.00136,0.00034,0.000679,0.086,0.0409,0.00956,0.00821,0.0424,0.0283,0.102,0.0845,0.464,0.998
272.0,5.72,7.73E-04,9.79E-05,0.000000339,0.0000389,0.000000329,0.00000337,0.000654,0.0000186,0.0000756,0.696,0.302,0.00306,0.00136,0.00034,0.00068,0.086,0.0409,0.00955,0.0082,0.0425,0.0283,0.102,0.0847,0.464,0.998
274.0,5.89,7.56E-04,9.58E-05,0.000000332,0.000038,0.000000322,0.00000473,0.000652,0.0000182,0.0000741,0.696,0.302,0.00306,0.00136,0.00034,0.00068,0.086,0.0409,0.00955,0.0082,0.0426,0.0284,0.102,0.0848,0.464,0.998
276.0,6.07,7.38E-04,9.37E-05,0.000000325,0.0000371,0.000000314,0.00000641,0.000651,0.0000177,0.0000726,0.696,0.303,0.00307,0.00136,0.000341,0.000681,0.0859,0.0409,0.00955,0.00819,0.0426,0.0284,0.102,0.0849,0.464,0.998
278.0,6.25,7.21E-04,9.17E-05,0.000000318,0.0000363,0.000000307,0.00000845,0.00065,0.0000173,0.0000712,0.695,0.303,0.00307,0.00136,0.000341,0.000682,0.0859,0.0409,0.00955,0.00819,0.0427,0.0284,0.102,0.085,0.464,0.998
280.0,6.43,7.05E-04,8.97E-05,0.000000311,0.0000355,0.0000003,0.0000109,0.00065,0.0000169,0.0000698,0.695,0.304,0.00307,0.00137,0.000342,0.000683,0.0859,0.0409,0.00954,0.00818,0.0427,0.0285,0.102,0.0851,0.464,0.998
282.0,6.61,6.90E-04,8.79E-05,0.000000305,0.0000347,0.000000294,0.0000138,0.000649,0.0000165,0.0000684,0.695,0.304,0.00308,0.00137,0.000342,0.000684,0.0859,0.0409,0.00954,0.00818,0.0428,0.0285,0.102,0.0852,0.464,0.998
284.0,6.8,6.74E-04,8.60E-05,0.000000298,0.0000339,0.000000287,0.0000171,0.000649,0.0000161,0.0000671,0.694,0.304,0.00308,0.00137,0.000343,0.000685,0.0859,0.0409,0.00954,0.00818,0.0428,0.0285,0.102,0.0853,0.464,0.998
286.0,6.99,6.60E-04,8.43E-05,0.000000292,0.0000332,0.000000281,0.000021,0.000649,0.0000157,0.0000657,0.694,0.305,0.00308,0.00137,0.000343,0.000685,0.0858,0.0409,0.00954,0.00817,0.0429,0.0286,0.102,0.0854,0.464,0.998
288.0,7.19,6.46E-04,8.26E-05,0.000000286,0.0000325,0.000000275,0.0000255,0.000649,0.0000154,0.0000645,0.693,0.305,0.00309,0.00137,0.000343,0.000686,0.0858,0.0409,0.00953,0.00817,0.0429,0.0286,0.102,0.0855,0.464,0.998
290.0,7.39,6.32E-04,8.09E-05,0.00000028,0.0000318,0.000000269,0.0000306,0.000649,0.000015,0.0000632,0.693,0.305,0.00309,0.00137,0.000344,0.000687,0.0858,0.0409,0.00953,0.00816,0.043,0.0286,0.102,0.0856,0.464,0.998
292.0,7.59,6.19E-04,7.93E-05,0.000000275,0.0000311,0.000000263,0.0000365,0.000649,0.0000147,0.000062,0.693,0.306,0.00309,0.00138,0.000344,0.000687,0.0858,0.0409,0.00953,0.00816,0.043,0.0287,0.101,0.0857,0.464,0.998
294.0,7.79,6.06E-04,7.78E-05,0.00000027,0.0000305,0.000000258,0.0000431,0.00065,0.0000144,0.0000608,0.693,0.306,0.0031,0.00138,0.000344,0.000688,0.0857,0.0409,0.00953,0.00816,0.0431,0.0287,0.101,0.0858,0.464,0.998
296.0,8,5.93E-04,7.62E-05,0.000000264,0.0000298,0.000000253,0.0000506,0.000651,0.0000141,0.0000597,0.692,0.306,0.0031,0.00138,0.000345,0.000689,0.0857,0.0408,0.00952,0.00815,0.0431,0.0287,0.101,0.0858,0.464,0.999
298.0,8.22,5.81E-04,7.48E-05,0.000000259,0.0000292,0.000000247,0.0000591,0.000652,0.0000137,0.0000586,0.692,0.307,0.0031,0.00138,0.000345,0.000689,0.0857,0.0408,0.00952,0.00815,0.0431,0.0288,0.101,0.0859,0.464,0.999
300.0,8.43,5.69E-04,7.34E-05,0.000000254,0.0000286,0.000000242,0.0000687,0.000653,0.0000134,0.0000575,0.692,0.307,0.00311,0.00138,0.000345,0.00069,0.0857,0.0408,0.00952,0.00815,0.0432,0.0288,0.101,0.086,0.464,0.999
305.0,8.99,5.42E-04,7.00E-05,0.000000243,0.0000272,0.000000231,0.0000982,0.000658,0.0000127,0.0000548,0.691,0.308,0.00311,0.00138,0.000346,0.000692,0.0856,0.0408,0.00952,0.00814,0.0433,0.0288,0.101,0.0862,0.464,0.999
310.0,9.57,5.16E-04,6.68E-05,0.000000232,0.0000259,0.00000022,0.000138,0.000664,0.0000121,0.0000524,0.69,0.308,0.00312,0.00139,0.000347,0.000693,0.0856,0.0408,0.00951,0.00813,0.0434,0.0289,0.101,0.0864,0.464,0.999
315.0,10.2,4.92E-04,6.39E-05,0.000000222,0.0000247,0.000000209,0.000192,0.000671,0.0000114,0.00005,0.69,0.309,0.00313,0.00139,0.000348,0.000694,0.0856,0.0408,0.00951,0.00812,0.0434,0.029,0.101,0.0866,0.464,0.999
320.0,10.8,4.69E-04,6.12E-05,0.000000212,0.0000236,0.0000002,0.000265,0.00068,0.0000109,0.0000478,0.689,0.309,0.00313,0.00139,0.000348,0.000696,0.0855,0.0408,0.0095,0.00811,0.0435,0.029,0.101,0.0867,0.464,0.998
325.0,11.4,4.49E-04,5.86E-05,0.000000203,0.0000226,0.000000191,0.000369,0.000693,0.0000103,0.0000458,0.688,0.31,0.00314,0.00139,0.000349,0.000697,0.0855,0.0408,0.00949,0.00811,0.0436,0.0291,0.101,0.0868,0.464,0.998
330.0,12.1,4.29E-04,5.63E-05,0.000000195,0.0000216,0.000000183,0.000521,0.000707,0.00000983,0.0000438,0.688,0.31,0.00314,0.0014,0.000349,0.000698,0.0854,0.0407,0.00949,0.0081,0.0437,0.0291,0.101,0.087,0.464,0.998
335.0,12.8,4.12E-04,5.41E-05,0.000000187,0.0000207,0.000000175,0.000761,0.000726,0.00000937,0.0000421,0.687,0.311,0.00314,0.0014,0.00035,0.000699,0.0854,0.0407,0.00948,0.00809,0.0437,0.0291,0.101,0.0871,0.464,0.998
340.0,13.5,3.95E-04,5.20E-05,0.00000018,0.0000199,0.000000168,0.0012,0.00075,0.00000891,0.0000403,0.687,0.311,0.00315,0.0014,0.00035,0.000699,0.0853,0.0407,0.00948,0.00808,0.0437,0.0292,0.101,0.0872,0.464,0.998
345.0,14.2,3.80E-04,5.02E-05,0.000000174,0.0000191,0.000000162,0.00328,0.000783,0.00000844,0.0000388,0.685,0.311,0.00314,0.0014,0.000349,0.000698,0.0851,0.0406,0.00945,0.00806,0.0437,0.0291,0.1,0.0871,0.463,0.995
350.0,15.2,3.60E-04,4.76E-05,0.000000165,0.0000181,0.000000153,0.0156,0.000814,0.00000773,0.0000365,0.676,0.307,0.00311,0.00138,0.000345,0.00069,0.084,0.0401,0.00933,0.00796,0.0432,0.0288,0.099,0.0861,0.457,0.983
360.0,17.6,3.18E-04,4.23E-05,0.000000147,0.000016,0.000000135,0.0514,0.000851,0.00000625,0.0000317,0.651,0.297,0.003,0.00133,0.000334,0.000667,0.0809,0.0386,0.00899,0.00766,0.0417,0.0278,0.0953,0.0831,0.441,0.947
370.0,20.2,2.83E-04,3.78E-05,0.000000131,0.0000142,0.00000012,0.0835,0.000864,0.00000503,0.0000276,0.628,0.287,0.00291,0.00129,0.000323,0.000646,0.0782,0.0373,0.00868,0.0074,0.0404,0.0269,0.092,0.0805,0.426,0.915
380.0,23.1,2.54E-04,3.41E-05,0.000000118,0.0000127,0.000000108,0.11,0.000861,0.00000406,0.0000242,0.609,0.28,0.00283,0.00126,0.000315,0.000629,0.0759,0.0362,0.00843,0.00718,0.0393,0.0262,0.0892,0.0784,0.414,0.889
390.0,26.1,2.30E-04,3.10E-05,0.000000107,0.0000115,9.78E-08,0.131,0.00085,0.00000327,0.0000214,0.594,0.274,0.00277,0.00123,0.000308,0.000616,0.074,0.0354,0.00823,0.007,0.0385,0.0257,0.087,0.0767,0.404,0.868
400.0,29.2,2.09E-04,2.84E-05,9.83E-08,0.0000105,8.92E-08,0.148,0.000832,0.00000265,0.000019,0.582,0.269,0.00273,0.00121,0.000303,0.000606,0.0726,0.0347,0.00806,0.00686,0.0379,0.0252,0.0852,0.0754,0.396,0.851
420.0,35.9,1.78E-04,2.43E-05,8.41E-08,0.00000893,7.57E-08,0.171,0.000789,0.00000174,0.0000153,0.565,0.263,0.00267,0.00119,0.000296,0.000593,0.0706,0.0337,0.00784,0.00666,0.037,0.0247,0.0827,0.0737,0.385,0.828
440.0,43,1.54E-04,2.12E-05,7.35E-08,0.00000774,6.56E-08,0.184,0.000742,0.00000115,0.0000126,0.555,0.26,0.00264,0.00117,0.000293,0.000586,0.0694,0.0332,0.00771,0.00654,0.0366,0.0244,0.0812,0.0729,0.379,0.815
450.0,46.8,1.44E-04,1.99E-05,6.91E-08,0.00000725,6.14E-08,0.188,0.000718,0.000000928,0.0000115,0.551,0.259,0.00263,0.00117,0.000292,0.000585,0.069,0.033,0.00767,0.0065,0.0365,0.0244,0.0808,0.0727,0.377,0.811
460.0,50.8,1.36E-04,1.88E-05,6.52E-08,0.00000681,5.77E-08,0.191,0.000694,0.00000075,0.0000105,0.549,0.259,0.00263,0.00117,0.000292,0.000584,0.0688,0.0329,0.00764,0.00648,0.0365,0.0243,0.0804,0.0727,0.376,0.808
480.0,59.1,1.21E-04,1.69E-05,5.85E-08,0.00000607,5.15E-08,0.193,0.000647,0.000000486,0.00000888,0.546,0.26,0.00263,0.00117,0.000293,0.000585,0.0685,0.0328,0.00761,0.00645,0.0365,0.0244,0.0801,0.0728,0.375,0.806
500.0,68,1.09E-04,1.53E-05,0.000000053,0.00000547,4.63E-08,0.192,0.000604,0.000000311,0.00000759,0.546,0.261,0.00265,0.00118,0.000294,0.000588,0.0685,0.0328,0.00761,0.00644,0.0367,0.0245,0.08,0.0731,0.375,0.807
520.0,77.5,9.88E-05,1.40E-05,4.84E-08,0.00000496,4.21E-08,0.19,0.000562,0.000000196,0.00000654,0.547,0.263,0.00267,0.00118,0.000296,0.000592,0.0687,0.0329,0.00764,0.00646,0.037,0.0247,0.0802,0.0736,0.377,0.81
540.0,87.7,9.02E-05,1.28E-05,4.45E-08,0.00000453,3.84E-08,0.185,0.000524,0.000000124,0.00000567,0.549,0.265,0.00269,0.00119,0.000299,0.000597,0.069,0.0331,0.00767,0.00648,0.0373,0.0249,0.0805,0.0742,0.379,0.814
550.0,93,8.64E-05,1.23E-05,4.27E-08,0.00000434,3.67E-08,0.183,0.000506,9.89E-08,0.0000053,0.55,0.266,0.0027,0.0012,0.0003,0.0006,0.0692,0.0332,0.00769,0.0065,0.0375,0.025,0.0806,0.0745,0.38,0.816
560.0,98.6,8.28E-05,1.19E-05,4.11E-08,0.00000415,3.52E-08,0.18,0.000488,0.000000081,0.00000496,0.552,0.267,0.00271,0.00121,0.000301,0.000603,0.0694,0.0333,0.00771,0.00651,0.0376,0.0251,0.0809,0.0749,0.381,0.819
580.0,110,7.64E-05,1.10E-05,3.81E-08,0.00000383,3.25E-08,0.175,0.000455,5.92E-08,0.00000435,0.555,0.27,0.00274,0.00122,0.000304,0.000609,0.0699,0.0335,0.00776,0.00655,0.038,0.0253,0.0813,0.0756,0.384,0.825
600.0,123,7.06E-05,1.02E-05,3.54E-08,0.00000354,0.00000003,0.169,0.000424,5.03E-08,0.00000384,0.558,0.272,0.00277,0.00123,0.000307,0.000615,0.0703,0.0337,0.00782,0.00659,0.0383,0.0256,0.0818,0.0763,0.387,0.831
620.0,136,6.56E-05,9.53E-06,0.000000033,0.00000329,2.79E-08,0.163,0.000396,4.82E-08,0.0000034,0.562,0.275,0.00279,0.00124,0.00031,0.000621,0.0708,0.034,0.00787,0.00664,0.0387,0.0258,0.0824,0.077,0.389,0.837
640.0,150,6.10E-05,8.92E-06,3.09E-08,0.00000306,2.59E-08,0.156,0.000369,5.29E-08,0.00000303,0.566,0.277,0.00282,0.00125,0.000313,0.000627,0.0714,0.0342,0.00793,0.00668,0.0391,0.0261,0.0829,0.0778,0.392,0.843
650.0,158,5.89E-05,8.63E-06,2.99E-08,0.00000295,2.51E-08,0.153,0.000357,5.82E-08,0.00000286,0.568,0.279,0.00283,0.00126,0.000315,0.000629,0.0716,0.0343,0.00796,0.00671,0.0393,0.0262,0.0832,0.0781,0.394,0.846
660.0,165,5.69E-05,8.36E-06,0.000000029,0.00000285,2.42E-08,0.15,0.000345,0.000000066,0.0000027,0.57,0.28,0.00285,0.00126,0.000316,0.000632,0.0719,0.0345,0.00799,0.00673,0.0394,0.0263,0.0835,0.0785,0.395,0.85
680.0,182,5.32E-05,7.84E-06,2.72E-08,0.00000267,2.26E-08,0.144,0.000322,8.65E-08,0.00000242,0.573,0.282,0.00287,0.00128,0.000319,0.000638,0.0724,0.0347,0.00804,0.00677,0.0398,0.0265,0.084,0.0792,0.398,0.856
700.0,199,4.98E-05,7.38E-06,2.56E-08,0.0000025,2.12E-08,0.138,0.000301,0.000000111,0.00000218,0.577,0.285,0.0029,0.00129,0.000322,0.000644,0.0729,0.035,0.0081,0.00682,0.0401,0.0268,0.0846,0.0798,0.401,0.862
720.0,217,4.67E-05,6.95E-06,2.41E-08,0.00000234,1.98E-08,0.132,0.000281,0.000000138,0.00000196,0.581,0.287,0.00292,0.0013,0.000324,0.000649,0.0734,0.0352,0.00816,0.00686,0.0405,0.027,0.0851,0.0805,0.404,0.868
740.0,237,4.38E-05,6.55E-06,2.27E-08,0.0000022,1.86E-08,0.126,0.000263,0.000000165,0.00000177,0.584,0.289,0.00294,0.00131,0.000327,0.000654,0.0739,0.0354,0.00821,0.00691,0.0408,0.0272,0.0856,0.0811,0.406,0.874
750.0,247,4.25E-05,6.36E-06,0.000000022,0.00000213,1.81E-08,0.123,0.000255,0.000000179,0.00000169,0.586,0.29,0.00295,0.00131,0.000328,0.000657,0.0741,0.0356,0.00824,0.00693,0.0409,0.0273,0.0859,0.0814,0.408,0.876
760.0,258,4.12E-05,6.18E-06,2.14E-08,0.00000206,1.75E-08,0.12,0.000246,0.000000192,0.00000161,0.588,0.291,0.00297,0.00132,0.00033,0.000659,0.0744,0.0357,0.00826,0.00695,0.0411,0.0274,0.0862,0.0817,0.409,0.879
780.0,280,3.87E-05,5.84E-06,2.02E-08,0.00000194,1.65E-08,0.115,0.000231,0.000000218,0.00000146,0.591,0.294,0.00299,0.00133,0.000332,0.000664,0.0748,0.0359,0.00832,0.00699,0.0414,0.0276,0.0867,0.0823,0.411,0.885
800.0,304,3.65E-05,5.52E-06,1.91E-08,0.00000183,1.55E-08,0.11,0.000216,0.000000244,0.00000133,0.594,0.296,0.00301,0.00134,0.000334,0.000669,0.0753,0.0361,0.00837,0.00704,0.0417,0.0278,0.0872,0.0829,0.414,0.89
820.0,330,3.43E-05,5.22E-06,1.81E-08,0.00000172,1.46E-08,0.105,0.000203,0.000000269,0.00000122,0.598,0.297,0.00303,0.00135,0.000337,0.000673,0.0757,0.0363,0.00842,0.00708,0.0419,0.028,0.0876,0.0834,0.416,0.895
840.0,357,3.24E-05,4.94E-06,1.71E-08,0.00000162,1.38E-08,0.0999,0.00019,0.000000293,0.00000112,0.601,0.299,0.00305,0.00136,0.000339,0.000678,0.0762,0.0365,0.00846,0.00712,0.0422,0.0281,0.0881,0.0839,0.418,0.9
850.0,371,3.14E-05,4.80E-06,1.66E-08,0.00000158,1.34E-08,0.0975,0.000184,0.000000304,0.00000107,0.602,0.3,0.00306,0.00136,0.00034,0.00068,0.0764,0.0367,0.00849,0.00713,0.0423,0.0282,0.0883,0.0842,0.419,0.902
860.0,386,3.05E-05,4.67E-06,1.62E-08,0.00000153,0.000000013,0.0952,0.000178,0.000000315,0.00000102,0.604,0.301,0.00307,0.00136,0.000341,0.000682,0.0766,0.0367,0.00851,0.00715,0.0424,0.0283,0.0885,0.0844,0.42,0.905
880.0,416,2.88E-05,4.42E-06,1.53E-08,0.00000144,1.23E-08,0.0907,0.000167,0.000000337,0.000000944,0.606,0.303,0.00309,0.00137,0.000343,0.000686,0.077,0.0369,0.00855,0.00719,0.0427,0.0285,0.089,0.0849,0.422,0.909
900.0,449,2.72E-05,4.19E-06,1.45E-08,0.00000136,1.16E-08,0.0864,0.000157,0.000000358,0.000000872,0.609,0.304,0.0031,0.00138,0.000345,0.000689,0.0774,0.0371,0.0086,0.00723,0.0429,0.0286,0.0894,0.0853,0.424,0.913
920.0,484,2.57E-05,3.97E-06,1.38E-08,0.00000129,1.09E-08,0.0823,0.000148,0.000000377,0.000000807,0.612,0.306,0.00312,0.00139,0.000347,0.000693,0.0778,0.0373,0.00864,0.00726,0.0431,0.0288,0.0898,0.0857,0.426,0.918
940.0,521,2.43E-05,3.76E-06,0.000000013,0.00000122,1.03E-08,0.0783,0.000139,0.000000393,0.000000749,0.614,0.307,0.00314,0.00139,0.000348,0.000697,0.0781,0.0375,0.00868,0.00729,0.0433,0.0289,0.0902,0.0862,0.428,0.922
950.0,540,2.36E-05,3.66E-06,1.27E-08,0.00000118,0.00000001,0.0764,0.000134,0.0000004,0.000000722,0.616,0.308,0.00314,0.0014,0.000349,0.000698,0.0783,0.0376,0.0087,0.00731,0.0434,0.029,0.0903,0.0864,0.429,0.924
960.0,560,2.29E-05,3.56E-06,1.23E-08,0.00000115,9.75E-09,0.0745,0.00013,0.000000408,0.000000697,0.617,0.309,0.00315,0.0014,0.00035,0.0007,0.0785,0.0377,0.00872,0.00733,0.0435,0.029,0.0905,0.0865,0.43,0.925
980.0,602,2.17E-05,3.38E-06,1.17E-08,0.00000108,9.21E-09,0.0708,0.000123,0.000000427,0.00000065,0.619,0.31,0.00317,0.00141,0.000352,0.000704,0.0788,0.0378,0.00876,0.00736,0.0437,0.0292,0.0909,0.0869,0.431,0.929
1000.0,647,2.05E-05,3.20E-06,1.11E-08,0.00000102,8.7E-09,0.0673,0.000115,0.000000439,0.000000608,0.621,0.311,0.00318,0.00141,0.000353,0.000707,0.0791,0.038,0.0088,0.00739,0.0439,0.0293,0.0912,0.0873,0.433,0.933
